category,app_count,developer_count,review_count,reviews_per_app,avg_rating,one_star_rate_pct,reply_rate_pct,monthly_plan_count,median_monthly_price,free_entry_share_pct,top_app_review_share_pct,demand_score,competition_score,customer_gap_score,service_gap_final_score,monetization_final_score,pricing_pressure_final_score,concentration_final_score,opportunity_score
Baby products,120,115,67122,559.35,3.6,3.25,61.74,115,37.95,42.29,14.66,35.961613951805816,94.11921175093659,30.196241365128124,26.179961357990607,22.887299493090758,43.24324324324324,81.45071097619429,46.13928288189895
Services,76,72,23699,311.83,4.45,1.56,43.36,155,45.0,25.24,16.47,17.66161791464567,97.37762707688172,7.818738336452942,51.54568037537952,27.78279286160683,73.36159689100866,78.55887521968366,42.37268813364195
Email automation,53,46,7614,143.66,4.27,1.51,29.85,114,19.0,24.5,19.46,7.2916411910038414,99.22045885996204,11.05683277516179,70.19044990339498,9.728491077008542,74.66878643349231,73.78175427384566,39.77921431203341
Sourcing options - Other,61,59,3522,57.74,2.12,3.72,64.62,37,30.0,48.68,61.1,2.6280193568896264,98.42271788008264,60.06233615077066,22.20535467844327,17.366849524338587,31.955484896661375,7.253554880971407,39.14003053076982
Review highlights,66,63,60228,912.55,3.93,1.23,34.29,107,19.0,28.57,16.42,51.48575910829077,98.0875608294647,16.490541860068205,64.06293127242617,9.728491077008542,67.47924394983218,78.63876018533313,50.958527310531444
Product variants,268,246,36714,136.99,3.26,2.88,24.42,421,15.0,23.23,10.72,11.453601268904142,83.69935544567208,35.29882462221998,77.68423958045818,6.950906187070342,76.91220632397103,87.7456462693721,43.70698884657798
PDF generation,86,75,9451,109.9,4.03,1.53,36.74,168,17.24,22.62,15.68,5.9889595366228585,96.90541123238116,15.693153935039463,60.68175545128346,8.506353725435734,77.9897544603427,79.8210576769452,39.25162212844795
Email templates,72,62,15483,215.04,4.34,2.32,34.67,162,14.99,19.7,14.38,11.853390541805126,97.91516634653615,12.706166746405462,63.53850400220811,6.943962224845497,83.14785373608903,81.89806678383128,40.73535501398325
Page builder,198,184,36392,183.8,3.36,1.83,39.04,261,15.0,27.54,27.35,13.60202397596106,88.62927206240585,29.534549279972694,57.50759039470052,6.950906187070342,69.29871047518107,61.17590669436012,40.35039608847364
Win-back emails,95,91,61262,644.86,3.67,2.32,11.41,154,46.0,30.09,16.26,39.075514984498234,95.95347560941464,25.44380933195679,95.63897322660779,28.477189084091382,64.79420597067656,78.8943920754114,55.06824132197774
Follow-up emails,98,95,61928,631.92,3.63,1.88,11.14,168,39.0,28.33,16.08,38.57034426146032,95.68898993688856,24.585428225294265,96.01159260281534,23.616415526699537,67.90319731496203,79.18197795174949,54.19535005042368
Local SEO,76,72,40948,538.79,4.21,1.73,29.91,138,24.49,26.7,22.06,30.9710572834635,97.37762707688172,13.006935876021569,70.10764559757106,13.540726338448719,70.78254725313549,69.6277360600735,45.88206458763139
Search bar,57,57,9823,172.33,3.68,2.84,33.88,119,36.0,20.0,19.89,8.977538858725369,98.64329993896054,27.166866713111013,64.62876069555617,21.533226859245886,82.61791202967673,73.09474356926026,44.88491092348501
Checkout analytics,123,115,14039,114.14,3.42,1.94,30.35,228,49.0,18.79,19.49,6.893612838953964,94.01320468379879,28.798574214433003,69.50041402152911,30.560377751545033,84.755343578873,73.73382329445599,45.74431539793597
Address validation,153,140,23463,153.35,3.86,3.52,16.56,217,29.0,29.68,22.23,10.18397083499412,91.96264272874399,26.246653069104163,88.53160364338946,16.672453301854038,65.5184596361067,69.35612717686531,44.28560956858382
Electronics,126,121,60815,482.66,3.29,2.71,56.52,116,39.99,44.02,16.18,31.390748397256587,93.66947970857856,34.10302251991371,33.38393596467016,24.30386778695924,40.18724606959901,79.02220802045056,46.34663401402598
Email responses,54,52,10510,194.63,3.93,2.48,35.41,114,19.99,20.28,18.12,10.130275233262442,98.94740526283368,21.089511690826118,62.51725089704665,10.415943337268246,82.12329977035859,75.92267135325132,42.256367345522975
Games,69,69,32866,476.32,4.13,1.13,15.48,144,24.99,21.05,30.31,26.794916559070174,97.74383585424448,12.32034290478629,90.02208114821971,13.887924449690994,80.7631160572337,56.44671672791181,46.6574533131066
Grid layout,102,92,91321,895.3,4.3,1.16,28.02,177,15.0,28.05,10.83,55.457433997077466,95.66650613474602,9.198779017226382,72.71598123102402,6.950906187070342,68.39780957428016,87.56989934494328,50.95003502678797
Automatic,147,117,18575,126.36,3.59,3.84,20.59,291,49.0,17.37,10.66,8.164966458696243,93.08590884400218,32.55706919368693,82.96991443555065,30.560377751545033,87.26373432255785,87.84150822815147,48.80614745603417
Keyword analysis,70,68,38572,551.03,4.39,1.77,30.72,131,29.99,27.57,23.42,31.18038729283176,97.74811981654562,9.732049678666664,68.98978746894838,17.35990556211374,69.24571630453983,67.45486499440806,45.62912436840969
Reviews,115,99,52753,458.72,4.48,1.51,38.64,192,24.99,28.78,18.14,29.026841386504756,94.92980461771936,7.064437337899424,58.0596191001932,13.887924449690994,67.10828475534358,75.89071736699154,42.69465942133967
Hardware,80,76,47553,594.41,3.54,2.5,64.69,93,39.99,36.05,20.69,34.59841887072447,97.07780571530971,28.577543877319766,22.10874965498205,24.30386778695924,54.26603073661897,71.81658411886883,45.9412605125235
Custom branding,246,231,47276,192.18,4.22,1.78,28.48,442,29.0,22.53,8.35,15.669300100679838,85.07103537488871,13.000780600810824,72.08114821970742,16.672453301854038,78.14873697226639,91.53219364115674,41.72471756822987
Shipping,710,619,58793,82.81,2.81,3.07,21.2,586,24.99,39.8,16.94,12.30502638462817,53.302850934911774,44.55300111634309,82.12807065967431,13.887924449690994,47.64175940646529,77.8079565425787,39.215908537281294
Stock alerts,156,148,25303,162.2,3.61,2.04,27.59,267,14.99,26.45,9.17,10.882483026608144,91.53967845082963,25.55432450051341,73.30941208942865,6.943962224845497,71.22416534181241,90.22208020450552,42.58426916690623
Workflow automation,269,253,14552,54.1,3.19,4.09,34.02,452,24.99,21.03,14.29,4.153354666712993,83.38668219719666,41.0814258974811,64.43555064863372,13.887924449690994,80.79844550432786,82.04185972200032,42.60071927924723
Conditional logic,179,166,36738,205.24,4.12,2.72,32.18,369,20.0,23.08,10.72,14.66193873182879,90.01380387852586,18.360346597951413,66.97488269390007,10.422887299493091,77.17717717717719,87.7456462693721,41.84737731489408
SMS,76,73,20759,273.14,4.13,2.35,20.55,164,37.0,23.5,22.86,15.392818946407857,97.33800742553466,16.80893745960601,83.02511730609992,22.227623081730435,76.43525878819996,68.34957660968206,45.55349067639376
Benchmarking,61,60,3626,59.44,3.9,1.71,48.18,119,80.0,19.33,15.44,2.723835708337775,98.38309822873558,18.826888480402445,44.89373447419266,52.086660648566074,83.80144850733086,80.20450551206262,44.6256265145859
Operations - Other,61,60,1556,25.51,2.71,2.06,16.9,73,20.0,24.24,48.97,0.8123333475510309,98.38309822873558,42.73817417750135,88.06237924372067,10.422887299493091,75.1280692457163,26.633647547531552,43.885094677093576
Slider,54,48,6307,116.8,4.04,2.47,27.92,83,9.97,25.66,28.32,5.8294453931089585,99.10588386822195,18.96146517932835,72.85398840739718,3.4580931879730583,72.61967850203145,59.62613836076051,39.48723481986258
Browse abandonment,60,58,39250,654.17,3.39,2.83,11.3,85,49.0,31.54,25.37,36.12754374461962,98.49767322047566,32.64338293925582,95.79078112061828,30.560377751545033,62.23282105635047,64.33935133407893,55.75184056241626
Product pages,202,178,65331,323.42,3.9,1.24,29.07,285,19.95,25.63,15.25,24.608202732296384,88.7256472143045,17.09767582403747,71.2669058791057,10.388167488368863,72.67267267267268,80.50806838153059,43.66066805461856
"Buy more,  save more",52,49,7538,144.96,4.19,1.87,43.79,103,19.99,21.37,12.99,7.340994410420969,99.13693559496676,13.902248633948574,50.95224951697488,10.415943337268246,80.19784490372726,84.1188688288864,39.31653758730672
Products,180,164,15159,84.22,3.43,4.97,23.48,324,19.0,26.29,13.15,5.660972650820211,90.05770749217407,39.7563630157491,78.98150703836599,9.728491077008542,71.50680091856563,83.86323693880811,44.50398352254626
Videos,142,127,47698,335.9,4.35,2.15,42.03,250,19.99,27.3,20.06,22.482502359854553,92.86639077576118,11.890592780981324,53.3811758211427,10.415943337268246,69.7226638403109,72.82313468605209,40.5998213103348
Elements,65,60,29888,459.82,3.93,0.98,43.2,106,19.0,30.13,33.3,25.562194760238913,98.24175547255184,15.570747893916625,51.76649185757658,9.728491077008542,64.72354707648825,51.66959578207383,41.608629353590466
Borders,65,55,29516,454.09,4.1,0.82,17.91,72,7.0,31.78,33.75,25.235937245697958,98.4398537292872,11.750140592081529,86.66850676235164,1.3957364071939447,61.808867691220634,50.95063109122863,42.86116925213496
Search and navigation - Other,55,54,3323,60.42,3.3,2.83,52.6,82,19.99,20.19,38.97,2.7232542577522527,98.83283027109361,34.354409555225416,38.79381727849848,10.415943337268246,82.28228228228228,42.610640677424506,39.0046809061273
Out of stock,67,67,17422,260.03,4.17,1.96,28.1,136,15.0,24.44,13.32,14.264064146117537,97.89374653503049,14.613602598645281,72.60557548992547,6.950906187070342,74.77477477477477,83.59162805559994,42.28899948183637
Alert settings,58,54,10600,182.76,3.72,1.5,16.65,100,9.99,28.06,21.89,9.586765631424901,98.7268232039558,21.476314780774274,88.4073971846536,3.4719811124227484,68.38014485073309,69.89934494328168,42.71283037983176
Embedded videos,67,65,6023,89.9,4.19,2.36,31.81,120,49.0,24.69,20.82,4.522693584629318,97.97298583772462,15.705044807605674,67.48550924648082,30.560377751545033,74.33315668609787,71.60888320818023,42.495989107317136
Reels,59,53,7590,128.64,4.37,2.13,46.23,96,39.0,26.15,23.53,6.582693319199152,98.73110716625693,11.436781126807066,47.5848744134695,23.616415526699537,71.7541070482247,67.27911806997923,38.93186201467467
Metafields,170,157,25646,150.86,3.6,3.57,17.46,328,19.9,21.6,25.01,10.402766958850005,90.68840194206291,31.37357764180215,87.28953905603092,10.353447677244636,79.7915562621445,64.91452308675507,44.53036268112028
Campaigns,225,204,83681,371.92,4.07,1.69,17.14,396,29.99,24.58,11.9,29.707454223431718,86.8828154312242,15.521365799612214,87.73116202042506,17.35990556211374,74.5274686451157,85.86036108004473,47.3041933246428
Review summaries,71,68,60151,847.2,3.94,1.18,19.95,113,12.99,29.17,16.44,48.40543916915615,97.71278412749967,16.11646899839683,83.85316036433895,5.5551697798763975,66.41936053700759,78.60680619907333,51.33711025768774
Coupons,238,227,72855,306.11,3.74,1.41,31.75,433,29.99,23.43,13.57,24.952499021363828,85.51219949264447,20.764960816077576,67.56831355230472,17.35990556211374,76.5589118530295,83.19220322735262,44.84192976065201
Logos,59,51,9526,161.46,4.13,3.01,29.86,117,19.0,24.52,15.56,8.421468947396166,98.81034646895108,19.237193530246188,70.17664918575765,9.728491077008542,74.63345698639816,80.0127815945039,41.92412574586065
Global sections,55,54,30146,548.11,3.86,1.29,41.83,85,19.0,30.16,33.02,29.74748670544942,98.83283027109361,18.04209089103205,53.65719017388904,9.728491077008542,64.67055290584702,52.116951589710816,43.476223812505566
Checkout discounts,189,173,25842,136.73,3.59,2.16,29.72,325,25.0,22.25,9.04,9.769441342920379,89.38310942863703,26.376053741148297,70.3698592326801,13.894868411915839,78.64334923158452,90.42978111519412,43.16906567208148
Orders - Other,189,180,5741,30.38,2.18,8.22,17.94,199,24.99,26.35,15.62,1.6845926027661604,89.10577186920756,75.47794313085276,86.62710460943968,13.887924449690994,71.40081257728316,79.91691963572455,51.6496768897516
Product feeds,164,145,28870,176.04,3.38,5.65,17.96,273,20.0,19.35,31.52,12.080885209225965,91.37585189250335,43.20877294588674,86.59950317416505,10.422887299493091,83.7661190602367,54.51350055919477,47.07451066329655
Custom filters,52,52,11213,215.63,3.85,2.99,31.62,123,39.99,19.61,17.43,11.224431281603234,99.01807664092556,24.486803929303864,67.74772288158984,24.30386778695924,83.30683624801271,77.02508387921394,45.94403239701089
Packing slips,155,140,17887,115.4,3.8,4.81,25.38,222,24.45,30.19,8.29,7.544540660558496,91.89197135065211,32.13347434509271,76.35937068727574,13.512950489549338,64.61755873520579,91.62805559993609,44.166384663205655
Scheduled,107,99,28112,262.73,3.88,1.73,17.81,208,49.0,18.85,35.44,16.034804232868552,95.21249013008685,19.2807001345767,86.80651393872482,30.560377751545033,84.64935523759053,48.250519252276725,46.81704089224745
Return labels,97,87,14303,147.45,3.74,4.0,22.67,127,39.0,34.54,31.75,8.49826747756312,96.04128283671105,30.294026305407964,80.09936516698868,23.616415526699537,56.93340399222752,54.14602971720722,44.49799922899012
Points,109,109,24620,225.87,3.54,1.92,47.47,190,60.0,23.32,26.53,13.767042670760528,94.7456222385243,26.443621875848095,45.873585426442176,38.198736198875075,76.75322381204734,62.486020131011344,44.95874066019303
Multi-announcement,51,49,29336,575.22,4.03,0.67,13.73,65,9.0,31.96,33.38,30.89585805146158,99.17227128401271,12.529062691478021,92.4372067347502,2.7845288521630445,61.490902667373255,51.54177983703467,45.37726543448342
Speed optimization,72,69,49111,682.1,4.34,1.96,28.41,133,29.0,24.72,18.39,38.955458745276346,97.63782878710668,11.381663435147184,72.17775324316864,16.672453301854038,74.28016251545662,75.4912925387442,48.74997920307487
Back-in-stock emails,60,58,39446,657.43,3.65,2.74,11.54,91,49.0,32.14,25.25,36.310757392067345,98.49767322047566,27.369291331973585,95.45956389732267,30.560377751545033,61.17293764352588,64.53107525163765,54.66629595572888
Event booking,64,62,8842,138.16,3.44,1.66,24.01,109,20.0,23.81,23.39,7.22223939896416,98.19785185890365,27.3881768354611,78.25006900358818,10.422887299493091,75.88765235824059,67.50279597379773,43.480728000498694
Tracking sync,57,46,11555,202.72,4.28,6.52,36.59,99,49.0,23.48,17.26,10.670842817834899,99.07911610377829,29.29938978839842,60.88876621584321,30.560377751545033,76.47058823529412,77.29669276242211,46.704709217095946
Store locator,60,59,2332,38.87,3.04,2.87,24.4,118,13.74,22.08,25.47,1.5589831057928756,98.4580535691286,39.444542369277336,77.71184101573282,6.07596694673981,78.94364953188483,64.17958140278,43.809005654446906
Pet products,166,160,79979,481.8,3.58,3.18,56.72,154,39.39,44.44,12.3,34.297505407377656,90.71088574420546,30.318927191487813,33.107921611923814,23.887230053468507,39.4453276806218,85.22128135484903,45.90754605996927
Wishlists,89,86,8942,100.47,3.54,2.09,33.56,139,15.0,17.92,24.89,5.467901703437441,96.3635880004256,27.069081772831172,65.07038365995031,6.950906187070342,86.29217452746865,65.10624700431379,41.17310475115542
Testing,58,56,19044,328.34,4.3,1.65,10.39,97,19.9,21.88,51.94,17.72096749134772,98.64758390126167,11.001575190883484,97.04664642561413,10.353447677244636,79.29694400282636,21.888480587953353,42.67702671495306
Inventory planning,69,62,6158,89.25,3.93,1.72,24.23,137,39.99,17.37,33.76,4.512934130880389,98.02117341367396,18.293338033725306,77.9464532155672,24.30386778695924,87.26373432255785,50.93465409809875,42.741280732833395
Delivery dates,96,88,24708,257.38,3.66,2.91,25.37,132,30.0,31.96,19.21,15.26011297686316,96.0369988744099,27.804637160515583,76.37317140491305,17.366849524338587,61.490902667373255,74.18117910209298,45.609304108816296
Newsletters,173,160,90280,521.85,3.85,2.09,14.23,315,29.99,25.97,11.03,37.76217475206293,90.46353592088388,21.175545651158167,91.74717085288435,17.35990556211374,72.07207207207207,87.25035948234543,51.513184499750515
Fulfillment,66,65,2827,42.83,2.27,14.11,34.95,33,29.9,51.43,28.97,1.8210466724871115,98.00832152677057,95.43726235741445,63.152083908363224,17.29740990209013,27.097685921215344,58.58763380731747,52.338464307535276
Custom style,130,111,19084,146.8,4.08,2.14,45.24,213,12.99,23.32,9.36,9.202993658746788,93.9243334658655,16.986880870244,48.9511454595639,5.5551697798763975,76.75322381204734,89.91851733503755,38.54496835220069
Optimization suggestions,111,108,40567,365.47,4.23,1.32,46.84,225,40.0,24.92,24.53,22.774306148598065,94.7145705117795,11.118245634650837,46.743030637593144,24.310811749184086,73.9268680445151,65.68141875698993,42.16147893264777
Orders,226,193,27564,121.96,3.64,4.56,24.59,416,39.0,20.71,7.23,9.340740910697583,87.28329590699602,34.255505473998156,77.44962738062378,23.616415526699537,81.3637166578343,93.32161687170475,46.66463724741749
Social media,211,187,67089,317.96,3.81,3.6,20.57,332,29.0,26.25,14.85,24.622185231308592,88.05104915076748,27.491557480477987,82.99751587082528,16.672453301854038,71.57745981275393,81.14714810672632,47.7009176124109
Analytics dashboard,258,243,26621,103.18,3.36,1.77,39.78,467,49.0,18.47,20.33,8.313915490139408,84.17157129017264,29.313798728096316,56.48633728953905,30.560377751545033,85.32061473237944,72.39175587154499,42.89386179807053
Multi-select,57,57,23304,408.84,4.04,3.0,28.3,99,19.9,26.67,16.89,22.15593167599589,98.64329993896054,20.911428387569707,72.32956113717913,10.353447677244636,70.83554142377672,77.88784150822815,45.672070996209875
Custom rewards,101,101,32010,316.93,3.8,1.72,54.66,197,79.0,22.78,20.4,19.17919408776451,95.34526496166833,20.764820923459155,35.950869445211154,51.392264426081525,77.70711888358947,72.27991691963572,46.820094097561224
Image editor,154,135,39408,255.9,3.16,1.88,25.98,211,19.0,30.77,22.92,17.451261434490064,92.1254052964334,33.5207894420243,75.53132762903671,9.728491077008542,63.59300476947536,68.25371465090271,45.096796701787916
Donations,113,113,17854,158.0,3.42,1.82,56.74,104,38.0,41.21,36.58,9.539728697193668,94.44580087695229,28.357073110680243,33.08032017664918,22.922019304214984,45.1510333863275,46.42914203546893,38.27085065621191
Bulk edit,89,82,7549,84.82,3.51,3.82,28.24,184,15.99,23.89,25.82,4.518840658537674,96.52206660581388,34.00439822392332,72.41236544300304,7.638358447330047,75.74633456986398,63.62038664323374,42.59032950263656
Barcodes,133,103,22328,167.88,3.99,3.17,25.45,275,29.0,19.48,8.87,10.69167404152352,94.13528360950423,22.487458626758098,76.26276566381452,16.672453301854038,83.53647765412471,90.7013899984023,44.836504901919255
BOGO,164,153,58299,355.48,4.07,1.49,27.53,291,24.99,23.16,15.44,25.032148025017882,91.0588946817268,14.785530626690948,73.39221639525255,13.887924449690994,77.03585938880056,80.20450551206262,44.71135061996008
AI chatbots,126,124,6022,47.79,3.18,3.35,45.27,276,69.0,21.91,30.9,2.545284573477228,93.55062075453736,38.54894982611347,48.90974330665194,44.44830220123603,79.24394983218512,55.504074133248125,45.35185611862174
Page indexing,72,66,42934,596.31,4.45,1.74,28.3,122,19.45,24.39,21.04,33.97729903938689,97.75668774114789,8.48098999208208,72.32956113717913,10.040969377126588,74.86309839251015,71.25738935932259,45.78698621437126
Image optimization,105,97,49084,467.47,4.03,2.1,29.21,194,26.5,26.87,18.4,28.87345593775594,95.36240081087286,17.79028417786507,71.07369583218326,14.936462745642665,70.48224695283518,75.47531554561432,46.494618102173774
Event-based,95,79,49251,518.43,4.2,3.84,13.89,167,26.95,24.89,20.23,31.291940861383615,96.42891142557946,20.960111018781976,92.21639525255313,15.248941045760715,73.97986221515633,72.55152580284391,50.136339787237624
Mix-and-match bundles,79,77,38982,493.44,4.18,1.62,32.62,149,29.0,20.63,23.1,28.53932785057627,97.07352175300858,13.172568736238066,66.36765111785813,16.672453301854038,81.50503444621091,67.96612877456462,45.7952413285961
Print on demand (POD),264,256,53347,202.07,2.59,4.29,56.15,108,39.45,66.77,18.41,17.067309815740543,83.44450168838515,53.22410517686624,33.89456251725089,23.928893826817585,0.0,75.45933855248443,42.35230608035735
Multi-language,837,684,247242,295.39,4.21,1.69,32.92,1665,29.0,23.92,4.03,51.267270966252596,46.23994108851842,12.859768841437317,65.95362958873861,16.672453301854038,75.69334039922275,98.43425467327049,42.43937043533093
Variants display,95,89,29067,305.97,4.1,2.86,27.0,177,19.9,22.84,13.54,18.21198285984351,96.03271491210877,19.25565935587844,74.12365443003036,10.353447677244636,77.601130542307,83.2401342067423,44.61811640060051
Descriptions,99,96,6055,61.16,3.12,3.4,23.32,202,19.99,23.48,32.19,3.178141538062871,95.61403459649554,39.873593029990175,79.20231852056307,10.415943337268246,76.47058823529412,53.44304201949194,43.870365775198714
Discount codes,257,241,62050,241.44,3.76,2.48,17.62,440,29.0,24.57,13.29,20.254301469995276,84.28614628191272,24.321450854324222,87.06872757383384,16.672453301854038,74.54513336866279,83.63955903498962,45.902070167590324
Emojis and stickers,75,72,10480,139.73,3.65,2.13,31.2,157,59.0,21.67,20.69,7.5478580249323075,97.41296276592766,25.12499405456372,68.32735302235716,37.504339976390526,79.66790319731496,71.81658411886883,46.427166534834846
Click-through rates,225,208,75114,333.84,4.17,3.68,27.69,422,49.0,25.13,13.09,26.60194868725479,86.72433682583593,20.941785085768167,73.17140491305548,30.560377751545033,73.5559088500265,83.95909889758747,47.96065909555252
Historical data import,56,47,10658,190.32,4.41,1.57,16.73,131,39.0,15.48,25.85,9.950661408986292,99.07483214147715,8.61598636886326,88.29699144355506,23.616415526699537,90.6023670729553,63.57245566384406,44.10673166451506
Email campaigns,136,126,76158,559.99,3.36,2.11,17.47,233,32.0,28.31,13.08,37.3812671314563,93.11802456138386,30.564718522062464,87.2757383383936,18.75564196930769,67.93852676205617,83.97507589071736,53.21846566142752
Delivery date,100,76,7783,77.83,3.88,3.05,36.76,166,25.0,20.75,12.3,4.22661421563149,96.37109193439099,24.137212275857056,60.65415401600883,13.894868411915839,81.293057763646,85.22128135484903,41.6336770152705
Email pop-ups,110,104,51157,465.06,4.28,0.97,15.97,201,29.9,22.68,19.47,29.07909206152208,94.9083848062137,8.879963739833297,89.34584598399117,17.29740990209013,77.88376611906024,73.76577728071577,47.139115978291365
Pricing pages,54,53,28521,528.17,3.93,0.96,39.2,85,19.99,30.65,34.9,28.56131258392353,98.90778561148662,15.497164376624498,57.28677891250344,10.415943337268246,63.80498145204028,49.11327688129094,42.95830045211025
Helpdesk,83,82,6491,78.2,3.11,4.11,38.21,165,49.99,15.58,28.67,4.045297025470218,96.7340807400895,42.67592196230174,58.65304995859784,31.24783001180474,90.42571983748454,59.06694360121425,46.920437466411244
JSON-LD,55,53,54972,999.49,4.47,1.49,23.6,99,19.99,22.9,17.99,54.75969132603116,98.87244992244068,7.1809678890483735,78.81589842671818,10.415943337268246,77.49514220102455,76.13037226393993,52.02586346031588
Editor tool,411,353,182003,442.83,3.9,1.7,23.56,655,25.0,27.24,5.47,48.15745977040872,74.40704921796689,18.79009672175638,78.87110129726746,13.894868411915839,69.82865218159336,96.13356766256591,48.94824551426891
Content optimization,124,112,44407,358.12,4.23,1.95,33.42,218,19.99,28.01,20.34,23.01972519259492,94.09672794879405,13.436126429352825,65.26359370687275,10.415943337268246,68.46846846846846,72.37577887841509,42.392465412399794
Notifications,78,77,7437,95.35,3.58,1.8,35.57,151,49.0,21.83,22.54,4.996047918716112,97.1088574420545,25.241664498331076,62.29643941484957,30.560377751545033,79.38526762056173,68.86084038983864,43.945122372492875
GDPR compliance,92,87,11202,121.76,3.56,0.99,46.15,180,49.99,19.75,18.99,6.815117986175143,96.21796128194072,22.641760184882088,47.69528015456803,31.24783001180474,83.05953011835365,74.53267295095063,42.81203646060107
Drag-and-drop editor,192,176,59594,310.39,4.28,1.49,42.22,360,25.0,24.53,16.7,23.114120023178558,89.15824340745802,10.793135189428588,53.11896218603367,13.894868411915839,74.61579226285109,78.19140437769613,40.80529203759007
UGC,140,125,54100,386.43,4.24,1.5,38.42,246,29.99,26.19,17.68,25.839647015378887,93.01630145654718,11.590383221838914,58.36323488821418,17.35990556211374,71.68344815403638,76.62565905096662,43.23701337291057
Promotional,76,70,22696,298.63,3.54,1.01,16.66,95,9.99,28.68,43.14,16.887571660433444,97.45686637957587,23.095571839056337,88.39359646701628,3.4719811124227484,67.28493199081434,35.948234542259144,42.85419569905352
Ad spend,65,62,35963,553.28,3.66,5.4,16.76,108,49.48,26.85,27.34,30.884809623827742,98.16251616985771,36.96578506338535,88.25558929064312,30.893687938337617,70.51757639992934,61.19188368749002,54.791947776791474
Fields,55,45,8511,154.75,4.02,1.47,30.77,100,15.0,27.34,17.41,7.9503121665560545,99.18940713321723,15.66251745160416,68.9207838807618,6.950906187070342,69.65200494612259,77.05703786547372,40.22812941531985
Customers,75,65,11897,158.63,4.09,2.35,20.32,146,34.0,24.1,23.16,8.65321213255388,97.69030032535713,17.569393733370266,83.34253381175822,20.144434414276784,75.37537537537537,67.87026681578527,43.73344249775931
Multi-store,166,149,25842,155.67,3.97,2.45,24.21,352,49.0,18.58,10.66,10.658760126610254,91.1467019090232,20.218680141123674,77.97405465084184,30.560377751545033,85.1263027733616,87.84150822815147,45.96761911957353
Cross-sell bundles,86,83,41668,484.51,4.17,1.44,32.91,150,24.99,22.56,21.61,28.533090717997823,96.5884540216046,12.70043114904999,65.96743030637595,13.887924449690994,78.09574280162516,70.34670075091867,45.093103589348814
Styling,92,77,28321,307.84,3.84,0.93,16.56,97,6.99,30.56,35.18,18.18506413522338,96.61415779541139,17.0978157166559,88.53160364338946,1.3887924449690994,63.96396396396396,48.66592107365394,41.981634219184514
FAQs,200,194,48212,241.06,3.68,1.79,35.68,392,41.45,23.22,20.64,18.1083803553872,88.1624041708433,23.30373205527437,62.144631520839084,25.317686271786684,76.9298710475181,71.89646908451829,44.273755433524066
Holiday gifts,57,56,47036,825.19,3.83,3.64,55.44,49,30.0,49.48,20.88,45.35507822390787,98.6829195903076,27.258496378180112,34.87441346950041,17.366849524338587,30.542307012895265,71.51302124940086,47.722287938390146
Retail,69,62,1921,27.84,3.09,10.62,25.56,90,27.0,21.55,24.15,0.977868966905856,98.02117341367396,67.00758497777106,76.11095776980403,15.283660856884937,79.87987987987988,66.28854449592586,50.462285044318904
Currency conversion,61,59,36334,595.64,4.39,1.43,28.73,111,19.99,20.71,26.95,32.930857759093094,98.42271788008264,8.481129884700511,71.7361302787745,10.415943337268246,81.3637166578343,61.814986419555844,45.5084236750671
Dimension-based,63,55,4835,76.75,3.65,2.9,40.12,79,29.0,29.57,19.79,3.7225448109763892,98.51052510737905,27.95795947031059,56.017112889870276,16.672453301854038,65.71277159512454,73.2545135005592,41.27527665733135
Triggers,73,72,15588,213.53,3.96,2.03,16.85,115,29.99,30.0,23.38,11.798636639525476,97.48363414401953,18.86354034643008,88.13138283190726,17.35990556211374,64.95318848260024,67.51877296692763,44.259816247955484
Cross-sell emails,85,80,54947,646.44,3.52,2.25,10.57,144,49.0,29.19,18.12,38.178550152181685,96.74264866469176,28.03797804805032,96.79823350814242,30.560377751545033,66.38403108991344,75.92267135325132,55.879978016298075
Email alerts,82,64,9712,118.44,3.8,3.92,25.23,165,60.0,16.42,20.07,6.430089130769604,97.48257015338265,28.85900782559308,76.5663814518355,38.198736198875075,88.94188305953011,72.80715769292219,48.34973849112497
Customer-based,70,60,5346,76.37,4.0,3.31,37.36,88,20.0,29.13,17.9,3.7832862826033176,98.06507702732216,22.81242917936192,59.8261109577698,10.422887299493091,66.4900194311959,76.27416520210897,39.805576234353836
Funnel analysis,120,112,11979,99.83,3.4,2.35,51.61,230,70.0,16.04,22.84,5.904896192865999,94.23807070497779,30.687264455803724,40.16008832459288,45.14269842372058,89.61314255431903,68.38153059594185,45.14843833390322
Multi-location,200,179,24008,120.04,3.86,2.67,27.18,355,25.0,24.15,8.66,8.703728352790575,88.75669894104931,23.119353584188783,73.87524151255866,13.894868411915839,75.28705175764,91.03690685413005,42.339094936877004
Bundles,129,124,58795,455.78,4.35,1.48,43.05,242,29.99,24.14,16.93,29.817964723218058,93.44461368739955,9.425544951695084,51.97350262213635,17.35990556211374,75.30471648118707,77.82393353570859,43.48629150599891
Mobile responsive,609,470,131063,215.21,3.95,1.5,31.55,960,15.0,26.38,7.6,29.63585617068781,62.7750835792645,17.10369120662979,67.84432790505106,6.950906187070342,71.34781840664193,92.73046812589871,39.4157020450435
Auto-sync,52,52,5941,114.25,3.41,4.39,38.09,51,19.95,40.0,32.05,5.653425992209692,99.01807664092556,38.002669151159566,58.818658570245645,10.388167488368863,47.288464935523756,53.66671992331044,41.30535587969106
Shipping labels,143,135,10842,75.82,3.71,4.35,18.2,202,29.99,30.72,8.59,4.602664272495308,92.51409787593869,32.15208006334338,86.26828595086944,17.35990556211374,63.68132838721074,91.1487458060393,45.056219795046744
Custom messages,85,78,16279,191.52,4.18,1.77,28.84,138,14.99,24.74,32.04,10.871432964160832,96.82188796738589,13.724445115929017,71.58432238476401,6.943962224845497,74.24483306836248,53.68269691644033,39.42352792914655
Custom pricing,261,239,68221,261.38,4.2,2.94,42.63,508,29.0,20.89,7.72,22.139582715155168,84.22404282842311,17.64885274063628,52.553132762903665,16.672453301854038,81.04575163398692,92.53874420833999,42.34488085628549
Greetings,116,108,15803,136.23,3.51,2.8,19.89,223,49.99,24.92,36.29,8.20211532903776,94.53789206654982,30.251638842024867,83.93596467016285,31.24783001180474,73.9268680445151,46.89247483623582,46.13017312679892
Toys and games,121,116,60231,497.78,3.47,2.59,57.26,117,39.99,42.44,16.34,32.010890373289214,94.04425641054358,30.239468184221785,32.362682859508695,24.30386778695924,42.9782723900371,78.76657613037227,45.828558392290596
Automotive,72,68,54064,750.89,3.65,2.57,67.39,95,45.0,31.91,18.2,42.94715847589491,97.67744843845375,26.743831434990504,18.382555892906424,27.78279286160683,61.57922628510864,75.79485540821219,48.495424196860284
Dynamic pricing,216,207,53731,248.75,4.17,2.37,42.61,399,29.0,22.33,9.8,19.318200723765116,87.08197767859643,16.122064703133876,52.580734198178305,16.672453301854038,78.50203144320793,89.21552963732225,41.61517812640979
Design tools,73,72,46723,640.04,3.41,3.75,56.33,53,31.8,51.82,21.02,36.613312395888556,97.48363414401953,35.64799659781152,33.64614959977918,18.61676272481078,26.40876170287936,71.28934334558237,46.821688868460974
Cart drawer,146,129,31973,218.99,4.15,1.58,31.11,269,19.99,22.57,14.61,14.574777445416856,92.6458087168833,13.595743906977,68.45155948109301,10.415943337268246,78.07807807807808,81.53059594184374,41.2799860358219
Custom icons,78,75,13733,176.06,4.06,1.98,31.04,145,14.99,25.0,16.21,9.753979044542735,97.18809674474865,16.778440868789126,68.54816450455424,6.943962224845497,73.78555025613849,78.97427704106087,40.76620443288546
Multi-origin,52,48,5046,97.04,4.21,3.96,33.08,82,29.0,25.66,10.84,4.707700867972045,99.17655524631382,21.21149805409368,65.73281810654154,16.672453301854038,72.61967850203145,87.55392235181338,42.33736572569902
Drinkware,51,51,45751,897.08,3.76,3.59,55.78,43,35.0,48.81,21.46,48.53302546034531,99.09303198131857,28.405336064037247,34.40518906983162,20.838830636761337,31.725843490549366,70.58635564786707,49.31488343357568
Shipping solutions - Other,280,257,2660,9.5,2.11,6.43,31.09,159,27.0,48.74,16.43,0.23037009925291194,82.83951101230309,70.22301681229489,68.47916091636765,15.283660856884937,31.849496555378906,78.62278319220323,45.33417729728144
Review migration,87,83,93335,1072.82,4.36,1.12,29.64,146,19.0,27.27,10.6,64.10252524423124,96.55311833255867,7.91092757199573,70.48026497377863,9.728491077008542,69.77565801095213,87.93737018693082,53.311392060791974
Transactions,53,45,10202,192.49,4.32,2.41,11.97,128,39.45,15.23,27.0,9.982426725902254,99.2600785113091,13.417520711102156,94.86613303891802,23.928893826817585,91.04398516163222,61.735101453906374,45.746028234649195
Cash back programs,54,54,10542,195.22,3.62,1.58,44.85,101,69.0,18.9,22.32,10.162899529125987,98.86816596013955,23.671789534353426,49.48937344741926,44.44830220123603,84.56103161985516,69.21233423869627,46.35356694903499
Social sharing,98,90,16804,171.47,4.04,2.51,28.69,172,29.99,26.89,13.25,10.010731837338948,95.8870881936239,19.108632213912603,71.79133314932376,17.35990556211374,70.44691750574103,83.70346700750919,42.99246541575398
VIP tiers,92,91,29536,321.04,3.95,1.84,55.66,180,74.0,23.31,22.11,18.99171283338863,96.05948267655245,18.354611000595945,34.57079768147943,47.92028331365878,76.77088853559442,69.54785109442403,45.591806190474514
Stock replenishment,68,64,4697,69.07,4.01,1.79,27.27,156,50.0,14.29,44.26,3.3407116808680573,97.97726980002577,17.029967796719248,73.75103505382279,31.254773974029582,92.70446917505741,34.15881131171113,42.24310906539117
One-click upsell,65,63,11515,177.15,4.0,1.79,46.2,121,19.99,21.43,14.95,9.464064100804897,98.12289651851064,17.220081865160303,47.62627656638144,10.415943337268246,80.0918565624448,80.98737817542738,39.813592596057404
Chat assignment,73,72,14111,193.3,3.99,2.99,26.36,158,50.0,23.19,40.64,10.621605901243676,97.48363414401953,21.82520697112896,75.00690035881865,31.254773974029582,76.98286521815933,39.94248282473238,44.5523432324715
Insights,57,54,4005,70.26,3.98,1.42,25.92,111,49.99,20.57,51.91,3.2901682724701287,98.76215889300174,16.23901493213809,75.61413193486061,31.24783001180474,81.61102278749337,21.93641156734303,41.24873624614409
Auto-updates,55,51,6039,109.8,3.43,6.84,25.48,112,29.99,22.6,33.02,5.459549278191501,98.95168922513483,46.63642188256294,76.22136351090256,17.35990556211374,78.02508390743685,52.116951589710816,47.215733501352126
Food and drinks,57,54,20428,358.39,3.59,2.95,71.21,72,38.97,29.13,48.16,19.344789691198635,98.76215889300174,29.2826026741873,13.110681755451282,23.595583640024998,66.4900194311959,27.92778399105289,40.016445628898786
Pixel management,77,62,35506,461.12,4.29,4.74,20.11,136,29.99,23.16,27.7,26.487200412997883,97.73848790130647,22.560342680958094,83.63234888214187,17.35990556211374,77.03585938880056,60.61671193481387,48.531415508414355
Event tracking,162,150,13088,80.79,3.38,2.23,55.38,292,39.99,17.38,12.81,5.181429646554124,91.24842501385987,30.625991488933096,34.95721777532431,24.30386778695924,87.24606959901078,84.40645470522448,41.394168872985205
Print and export,67,56,9813,146.46,4.03,2.86,30.98,130,16.75,24.42,15.1,7.761287336314777,98.32956269984825,20.58645783496588,68.63096881037814,8.166099576418304,74.81010422186893,80.74772327847899,41.589429133559484
Store data importer,176,152,9773,55.53,2.72,6.28,23.42,222,24.99,32.13,20.4,3.485560588557731,90.67448606452263,58.074182257698986,79.06431134418989,13.887924449690994,61.19060236707295,72.27991691963572,47.284269577791825
Inventory,82,78,9633,117.48,3.49,5.77,22.22,154,24.99,25.84,20.7,6.372863758779182,96.92789503452369,41.55901929678778,80.72039746066795,13.887924449690994,72.30171347818407,71.80060712573894,46.65094324967369
Surveys,201,192,49296,245.25,3.78,1.61,32.46,352,39.0,24.63,20.06,18.471822895353938,88.20630778449149,20.74033971523459,66.5884626000552,23.616415526699537,74.43914502738032,72.82313468605209,43.971707798465765
Custom fields,97,90,22400,230.93,3.89,2.37,22.4,195,15.0,22.83,23.29,13.663229637855265,95.92242388266983,21.445258619483685,80.47198454319624,6.950906187070342,77.61879526585409,67.66256590509667,43.24324635082223
Order updates,364,322,68538,188.29,3.63,2.95,20.39,614,49.0,24.91,8.37,18.75642605426669,77.296035794885,28.522146400423036,83.245928788297,30.560377751545033,73.94453276806217,91.50023965489694,47.03363111533769
Tracking pages,80,76,3077,38.46,3.42,6.47,14.72,87,29.99,35.07,17.78,1.6543016579814933,97.07780571530971,45.46524088109967,91.07093568865581,17.35990556211374,55.99717364423247,76.46588911966768,47.2564172751549
AI optimization,63,61,32365,513.73,3.77,5.44,14.96,123,89.0,22.5,30.38,28.474439156104047,98.27280719929664,35.02169734511789,90.7397184653602,58.336226650927024,78.20173114290762,56.334877776002564,58.3287469880295
Animation and effects,65,51,1162,17.88,3.25,5.25,11.96,62,4.99,26.97,14.63,0.3934789549799974,98.59833233467546,44.208585489778045,94.87993375655535,0.0,70.30559971736443,81.49864195558396,45.73795876293865
Cookie consent,50,50,8325,166.5,3.15,0.83,41.43,71,11.99,26.47,25.55,8.473423854038877,99.16798732171156,29.847768852628725,54.20921887938172,4.860773557391848,71.18883589471825,64.05176545774086,40.83357518754768
UTM tracking,114,109,16471,144.48,3.82,1.99,50.01,251,79.0,17.36,16.61,8.692218650691947,94.56894379329461,21.377970270020732,42.36820314656362,51.392264426081525,87.28139904610492,78.33519731586516,45.58892727200315
File uploads,213,193,83193,390.58,4.09,2.14,26.18,398,19.99,25.6,11.97,30.508578603798973,87.7426598645932,16.79676680180294,75.25531327629037,10.415943337268246,72.7256668433139,85.74852212813548,45.54666226102072
Numbers,66,63,24393,369.59,4.22,2.96,27.85,126,19.0,25.44,16.14,20.48043839160738,98.0875608294647,17.34220812104629,72.9505934308584,9.728491077008542,73.00830242006712,79.08611599297012,44.56511731329304
Auto-position,57,49,28622,502.14,4.15,0.96,16.45,65,6.99,31.58,34.81,27.354618484376957,98.96025714973709,11.314654870921077,88.68341153739995,1.3887924449690994,62.16216216216217,49.25706981945998,43.54125864479234
Import and export,428,391,229272,535.68,4.06,1.89,27.59,787,24.99,25.74,4.34,59.78645631550697,72.30079575299737,16.447315040974555,73.30941208942865,13.887924449690994,72.47836071365484,97.9389678862438,50.63123254406258
Discount offers,57,56,12985,227.81,3.91,1.73,20.31,93,29.0,30.22,28.06,12.068844667883067,98.6829195903076,18.7103579292535,83.35633452939553,16.672453301854038,64.56456456456456,60.04154018213772,43.56267335643576
SKUs,190,156,19734,103.86,3.64,3.52,21.87,369,49.0,18.83,10.04,7.2867264968844045,90.02130781249124,30.429162574807577,81.20342257797405,30.560377751545033,84.68468468468468,88.83208180220483,47.2920129465545
Bulk discounts,188,169,32716,174.02,3.88,2.6,27.18,336,19.99,22.94,8.6,12.577494604717367,89.57692372307125,22.48158313678421,73.87524151255866,10.415943337268246,77.42448330683624,91.1327688129094,42.933853280983826
Cross-sell discounts,66,66,13127,198.89,4.12,2.17,32.09,111,29.0,25.5,17.8,10.732757168482971,97.9687018754235,16.336799872417934,67.09908915263593,16.672453301854038,72.90231407878467,76.43393513340789,42.221879012840354
Images and media - Other,122,110,3355,27.5,3.08,3.55,11.98,145,10.0,25.24,13.23,1.1824322789881463,94.24663862958005,41.18592568344539,94.8523323212807,3.4789250746475937,73.36159689100866,83.73542099376897,45.244043819916214
Dashboard,67,59,15027,224.28,3.85,2.18,32.05,112,14.99,23.29,14.81,12.21712438040469,98.21070374580704,21.506671478972738,67.1542920231852,6.943962224845497,76.80621798268857,81.21105607924588,42.6556433791992
Memberships,116,111,27431,236.47,3.83,1.76,55.03,215,49.99,23.78,14.23,14.69705063324319,94.4190331125086,20.34164575272022,35.44024289263041,31.24783001180474,75.94064652888181,82.13772168077968,42.76151563287339
Dates,54,52,23277,431.06,4.42,2.82,27.83,105,19.0,25.0,16.91,23.195109117522303,98.94740526283368,13.024842131180115,72.97819486613304,9.728491077008542,73.78555025613849,77.85588752196837,44.532391795253275
United States,133,127,82705,621.84,3.73,3.09,60.45,146,39.99,38.27,11.9,41.29223589929123,93.18441197717459,27.136090337057276,27.960253933204513,24.30386778695924,50.344462109167985,85.86036108004473,47.639006158494155
Upsell emails,95,84,62040,653.05,3.31,2.2,18.16,155,39.99,31.47,16.05,39.57971739682684,96.23081316884412,31.846414692082355,86.3234888214187,24.30386778695924,62.35647412118001,79.22990893113916,54.86762312419372
Time slots,73,69,14831,203.16,4.18,2.1,30.14,122,19.99,25.75,13.94,11.195302840839693,97.60249309806073,14.938573151249106,69.79022909191278,10.415943337268246,72.46069599010775,82.60105448154657,41.60154089343613
POS rewards,55,55,23889,434.35,4.28,1.88,52.44,117,79.0,23.53,27.34,23.443706007849187,98.79321061974655,12.228013776625057,39.01462876069556,51.392264426081525,76.38226461755873,61.19188368749002,46.55418133647085
Custom listings,58,49,13550,233.62,4.23,5.42,37.3,106,38.5,22.46,14.72,12.428539071569014,98.92492146069114,26.202866679536786,59.90891526359371,23.26921741545726,78.27239003709592,81.35484901741492,45.59532848734134
Bulk import,65,58,6224,95.75,3.7,4.1,21.74,109,29.0,31.25,32.04,4.828288388357744,98.32099477524598,31.422400165632858,81.38283190725917,16.672453301854038,62.745098039215684,53.68269691644033,43.61629201905204
Sales tax,51,44,10963,214.96,4.52,3.03,16.36,136,39.0,14.47,25.13,11.154525468770048,99.37036954074804,11.896328378336802,88.8076179961358,23.616415526699537,92.38650415121003,64.72279916919635,45.320660245648305
Fixed bundles,115,113,47214,410.56,4.2,1.92,32.64,185,24.99,23.14,19.07,25.913695517771586,94.37512949886042,13.896093358737826,66.3400496825835,13.887924449690994,77.07118883589472,74.4048570059115,44.423664378764855
Data import and export,111,90,14232,128.22,3.78,3.46,22.53,212,50.0,18.18,13.92,7.584413137373417,95.42772423602672,27.5468150647563,80.29257521391112,31.254773974029582,85.83289171524466,82.63300846780635,47.63177977114806
Carrier selection,137,128,26047,190.12,3.41,3.92,18.7,143,39.0,38.1,18.22,12.307869606879876,93.00344956964378,36.273456494794594,85.57825006900359,23.616415526699537,50.64476240946829,75.76290142195239,47.35301914208397
Custom text,310,248,71998,232.25,3.93,1.85,23.99,462,12.25,26.53,13.84,21.352643650319784,82.13601720304861,18.77163089612413,78.27767043886283,5.041316575237831,71.08284755343578,82.76082441284551,41.795838660900515
Forecasting,114,109,6621,58.08,3.63,1.87,38.33,220,66.0,19.2,31.4,3.1205639619725223,94.56894379329461,24.5486364666482,58.48744134695004,42.36511353378238,84.03108991344286,54.705224476753486,43.74398392675387
Targeting,255,230,131231,514.63,3.94,1.91,17.15,462,29.99,24.92,7.59,43.72081721288076,84.79263382482233,18.802267379559446,87.71736130278775,17.35990556211374,73.9268680445151,92.74644511902859,51.35857216686957
Trust,60,55,28443,474.05,3.95,0.96,16.94,70,8.0,28.0,35.02,26.00813822297251,98.61653217451686,15.116936239742374,88.0071763731714,2.0901326296784943,68.48613319201554,48.92155296373223,44.23335007815127
Gifts,122,118,38009,311.55,4.31,2.29,38.52,260,48.5,22.09,10.39,19.849135613288734,93.92968141880351,13.166133675790473,58.22522771184101,30.213179640302755,78.92598480833774,88.27288704265857,45.09589023202031
Real-time tracking,360,341,57906,160.85,3.57,2.74,29.26,569,49.0,24.81,8.2,15.832950450822423,76.68460517547445,28.890203879502103,71.00469224399669,30.560377751545033,74.12118000353294,91.77184853810513,45.052376737914244
Animations,108,89,48299,447.21,3.83,0.72,13.7,132,7.99,30.73,20.63,27.80143586178338,95.5733509545116,16.515302853529636,92.47860888766216,2.0831886674536495,63.66366366366366,71.91244607764818,45.707234403003945
Countdown timer,156,145,37083,237.71,3.59,1.56,22.84,237,10.0,25.99,26.86,16.239608160033338,91.65853740487084,24.1685482223845,79.86475296715429,3.4789250746475937,72.03674262497792,61.95877935772488,42.43340932250711
Gift wrap,89,82,33704,378.7,4.41,1.71,40.02,166,19.95,26.55,15.62,22.34008733994004,96.52206660581388,9.131070989908146,56.155120066243434,10.388167488368863,71.04751810634164,79.91691963572455,41.4376083711124
Product content,101,97,2449,24.25,2.63,3.59,22.46,171,25.0,27.23,15.35,0.8905007466127584,95.5037435670566,49.88822579787755,80.38918023737234,13.894868411915839,69.84631690514044,80.34829845023167,46.93389811293324
Quantity breaks,189,170,61327,324.48,4.26,1.93,32.19,329,25.49,23.84,14.68,24.04221894088867,89.50196838267823,12.79220070673751,66.96108197626276,14.23512256093327,75.83465818759936,81.4187569899345,43.16343589374827
Custom pop-ups,137,124,68934,503.17,4.15,1.1,20.56,232,24.99,23.73,14.45,33.60236712417637,93.16192817503206,11.829739491965963,83.01131658846259,13.887924449690994,76.02897014661721,81.78622783192203,47.67400553967056
Business hours,98,97,19539,199.38,4.07,2.48,22.26,207,39.0,25.45,29.35,11.741835032273313,95.60975063419443,18.427914732651214,80.66519459011869,23.616415526699537,72.99063769652005,57.98050806838153,43.900530907699334
SEO,426,369,117289,275.33,3.66,1.76,28.88,681,19.0,26.01,8.49,30.340526321961175,73.24309946072475,23.57358491621831,71.52911951421474,9.728491077008542,72.00141317788376,91.30851573733824,43.72615051461276
Delivery and pickup,345,308,15334,44.45,2.7,3.18,36.4,316,14.99,35.71,10.47,3.8205034179609463,78.52208900561675,47.048965214301504,61.15097985095225,6.943962224845497,54.86663133721957,88.14507109761942,40.37661413903789
Pricing - Other,65,61,1434,22.06,3.12,5.3,55.37,108,19.99,13.49,35.84,0.631578437909828,98.20213582120478,46.8640271727422,34.97101849296163,10.415943337268246,94.11764705882354,47.611439527081004,41.31707488744848
Sticky cart,93,87,23570,253.44,4.22,1.28,31.32,168,19.0,23.42,20.16,14.900104673103653,96.1826255928948,11.16119266850766,68.16174441070936,9.728491077008542,76.57657657657657,72.66336475475316,40.93123498974511
Anti theft,59,59,2772,46.98,3.69,3.5,12.77,58,5.0,22.78,35.17,2.007449787593529,98.49338925817452,29.405008715310128,93.76207562793266,0.0069439622248453495,77.70711888358947,48.68189806678382,41.778242046240976
Carousels,159,146,87853,552.53,4.18,1.42,28.19,269,24.99,27.91,11.26,38.82950323974184,91.51291068638596,12.436733563316801,72.48136903118962,13.887924449690994,68.64511570393924,86.88288864035789,47.60503044766348
Branded portal,54,54,16976,314.37,4.07,1.56,30.72,98,59.0,20.16,23.26,16.746985104295394,98.86816596013955,15.043072937213392,68.98978746894838,37.504339976390526,82.33527645292351,67.71049688448633,46.99591246576835
Upsell,74,72,6808,92.0,3.72,3.08,33.48,178,62.5,20.18,27.34,4.742019409714436,97.4482984549736,27.289412646852274,65.18078940104886,39.93472675508645,82.29994700582935,61.19188368749002,45.815926560827606
Referrals,103,98,77788,755.22,3.96,1.46,38.0,205,59.0,23.72,12.72,46.79886960795568,95.39345253761766,16.76641010360448,58.94286502898151,37.504339976390526,76.04663487016428,84.5502476433935,53.68147155526797
Real-time status,100,77,14385,143.85,3.74,2.86,18.97,193,49.0,18.6,13.77,8.341841551585963,96.33147228304391,26.09976581975675,85.20563069279602,30.560377751545033,85.09097332626745,82.87266336475476,48.07450957501909
Media galleries,74,72,79503,1074.36,4.47,1.33,30.0,120,29.0,28.82,12.44,62.04767953643015,97.4482984549736,6.592299750711362,69.98343913883522,16.672453301854038,67.03762586115528,84.99760345103051,53.42101290001545
Page views,117,109,10978,93.83,3.4,2.39,35.41,211,49.0,19.34,24.92,5.4692301193637505,94.46293672615681,30.834431490387978,62.51725089704665,30.560377751545033,83.78378378378378,65.05831602492411,44.704667916021705
Fixed pricing,259,235,65877,254.35,4.12,2.18,37.64,478,24.99,21.6,13.67,21.449020069801918,84.45319281190325,16.373591631064,59.43969086392492,13.887924449690994,79.7915562621445,83.03243329605368,41.69596913779998
Announcement bar,216,189,75047,347.44,3.93,1.2,29.22,324,15.0,26.89,13.26,27.230226682265638,87.79513140284365,16.380166584130016,71.05989511454595,6.950906187070342,70.44691750574103,83.68749001437929,43.49796208348231
Geolocation,359,306,149545,416.56,3.9,1.82,17.94,612,19.99,23.73,6.66,41.93240709013737,78.10662866166777,19.23159782550914,86.62710460943968,10.415943337268246,76.02897014661721,94.23230548010865,48.68891281284022
Blogs,171,157,36297,212.26,3.51,1.63,39.63,252,19.0,26.2,27.42,14.923740292223904,90.65306625301697,25.94700308043546,56.693348054098806,9.728491077008542,71.66578343048931,61.064067742450874,40.81604996535463
Pixel tracking,120,108,16067,133.89,3.53,1.59,39.49,199,49.99,18.32,32.46,8.13284100045874,94.39654931036607,25.41960790896908,56.886558101021244,31.24783001180474,85.58558558558559,53.01166320498483,43.302134445383075
Theme sections,71,69,30023,422.86,3.79,1.29,41.48,105,19.0,31.45,33.15,23.84751635000744,97.6731644761526,19.3728893701195,54.14021529119514,9.728491077008542,62.391803568274156,51.909250679022215,41.9594377597919
Schemas,53,51,40808,769.96,4.66,1.75,28.65,98,25.0,21.09,22.13,41.8040058906438,99.0223606032267,4.525386313465784,71.84653601987303,13.894868411915839,80.69245716304539,69.51589710816425,47.939852433334615
Order sync,324,292,55069,169.97,3.48,3.75,20.54,425,38.0,31.42,17.86,15.824887391894439,79.8980528971345,34.317198118724065,83.03891802373724,22.922019304214984,62.44479773891538,76.33807317462853,45.480610294828494
Chat,349,325,28435,81.48,2.81,3.38,19.92,542,49.0,24.49,20.17,7.57396840072046,77.70721217653283,45.693545634371056,83.89456251725089,30.560377751545033,74.6864511570394,72.64738776162326,46.913848522750875
Product bundles,242,225,64186,265.23,3.91,1.95,40.03,402,29.0,22.75,14.03,21.69983472180745,85.45009603915486,19.519776619466896,56.141319348606125,16.672453301854038,77.7601130542307,82.45726154337754,42.54480187219535
Free products,79,79,36539,462.52,4.18,1.55,53.28,159,99.0,23.22,17.87,26.711796775639783,96.99428245031444,12.915026425715624,37.85536847916091,65.28018887577252,76.9298710475181,76.32209618149864,49.89997450984876
Drip campaigns,64,63,52274,816.78,4.01,2.62,11.33,110,49.0,29.19,19.05,45.76571705487111,98.15823220755658,20.0836837643425,95.74937896770632,30.560377751545033,66.38403108991344,74.43681099217127,56.28984912170422
Carrier-based,114,85,7068,62.0,3.67,4.12,31.68,171,25.0,22.07,13.54,3.3733676620740782,95.51981542562424,32.06632588824818,67.66491857576594,13.894868411915839,78.9613142554319,83.2401342067423,43.321364720765686
Custom audiences,81,71,27321,337.3,3.99,6.16,28.01,142,39.0,24.47,30.21,19.41455945346786,97.2405682829991,33.48819446193102,72.72978194866133,23.616415526699537,74.72178060413356,56.60648665921074,48.38124629939127
Add to cart,66,65,9719,147.26,4.02,1.95,30.23,142,49.0,20.99,22.9,7.784395159081212,98.00832152677057,17.4285218666152,69.66602263317692,30.560377751545033,80.86910439851617,68.28566863716249,44.04186504628084
Automations,564,491,251980,446.77,3.79,1.79,23.44,976,25.0,25.95,3.95,59.10388146700615,63.53317690804321,21.212477302422663,79.03670990891526,13.894868411915839,72.10740151916622,98.56207061830963,50.24647606839741
Reports,112,108,10637,94.97,4.03,2.43,31.84,222,43.95,23.39,17.5,5.470317559162186,94.67923482273356,19.00441221318516,67.44410709356886,27.053676827998057,76.6295707472178,76.91324492730467,42.58391181425701
Notification,61,58,25319,415.07,3.54,0.58,15.1,92,9.99,29.55,38.67,22.758335395789658,98.46233753142971,21.513526217275615,90.54650841843775,3.4719811124227484,65.74810104221868,43.089950471321295,44.70210718307267
Data sync,58,57,12182,210.03,3.87,2.21,20.46,143,25.0,22.04,16.98,11.110503692376808,98.6079642499146,21.236818618028803,83.14932376483577,13.894868411915839,79.01430842607314,77.7440485700591,44.98366298476045
Label customization,55,54,3781,68.75,3.59,8.91,13.33,68,49.48,35.24,20.87,3.1848190680181077,98.83283027109361,51.21049082724102,92.9892354402429,30.893687938337617,55.69687334393216,71.52899824253075,51.09913930076954
Advertising - Other,58,55,3134,54.03,2.85,7.47,24.54,55,20.0,32.22,51.34,2.394149429593357,98.68720355260874,59.980918646846675,77.51863096881038,10.422887299493091,61.031619855149266,22.847100175746917,45.84139399063924
Date picker,55,52,6650,120.91,3.58,2.78,42.47,75,18.0,27.1,24.15,6.075176802014417,98.91206957378775,28.84725684564528,52.77394424510074,9.03409485452399,70.07595831125244,66.28854449592586,40.5213932774378
Product recommendations,495,454,115488,233.31,3.66,2.29,33.7,938,39.99,23.87,8.62,28.09053001506548,67.43726655205435,25.523548124459662,64.87717361302788,24.30386778695924,75.78166401695813,91.10081482664962,44.092216910596235
Accounting,181,142,14583,80.57,3.3,2.91,14.8,316,29.95,16.93,18.89,5.401008394036621,90.89400413276363,34.648743624393916,90.96052994755728,17.33212971321436,88.04098215862922,74.69244288224957,46.29134535372249
Inventory optimization,224,207,8647,38.6,2.95,2.65,23.07,370,28.99,19.48,24.04,2.5174583714058265,86.79929216622894,40.34615029503353,79.547336461496,16.665509339629196,83.53647765412471,66.4642914203547,44.0130515859219
Multi-currency,371,333,86728,233.77,4.37,2.04,28.33,774,35.0,21.8,7.39,23.689269249037935,76.61286980674569,11.105655298992497,72.28815898426718,20.838830636761337,79.43826179120296,93.06598498162646,42.445875165989506
Digital products,144,134,37095,257.6,4.06,1.9,37.91,283,25.99,23.18,10.52,17.17537916785124,92.51838183823982,16.48410679962062,59.06707148771736,14.582320672175545,77.00052994170642,88.06518613196997,42.441683572816785
Selling online - Other,51,50,7857,154.06,3.42,3.56,16.43,57,90.0,32.14,65.64,7.817338077491876,99.13265163266564,34.758839115095256,88.71101297267458,59.03062287341157,61.17293764352588,0.0,49.516974279380634
Grid,56,51,8789,156.95,4.37,2.48,33.06,82,9.99,27.83,20.32,8.096364392280698,98.91635353608888,12.724492679419281,65.76041954181616,3.4719811124227484,68.78643349231585,72.40773286467487,38.50880778006638
Progress bar,82,76,29240,356.59,4.34,1.02,45.03,165,39.0,23.85,34.04,20.615425954209577,97.00713433721783,7.923238122417235,49.24096052994755,23.616415526699537,75.81699346405229,50.48729829046174,40.9217039502048
Retargeting,105,90,45542,433.73,4.12,4.38,20.03,179,39.0,23.4,21.59,26.744503251208357,95.63973837030234,24.46777853319792,83.7427546232404,23.616415526699537,76.61190602367073,70.37865473717846,49.97389502287358
Ads,263,231,60347,229.46,3.5,4.65,19.74,365,39.0,25.3,16.3,19.429890162358248,84.47032866110779,37.24822825998764,84.1429754347226,23.616415526699537,73.25560854972619,78.83048410289183,48.76224842991674
Conversion rates,256,230,72655,283.81,4.18,1.77,41.65,499,35.0,23.86,13.7,23.874655996850898,84.75729813577641,13.724445115929017,53.905603091360746,20.838830636761337,75.79932874050522,82.984502316664,42.12058910706256
Colors and fonts,72,65,21541,299.18,3.87,1.5,14.57,114,9.99,28.22,46.25,16.735774846013342,97.79630739249495,18.624603754158308,91.27794645321556,3.4719811124227484,68.09750927397985,30.979389678862432,42.07056270066107
Subscribe and save,53,51,13442,253.62,4.07,2.66,58.38,98,64.5,20.97,29.04,13.351020864044331,99.0223606032267,19.090166388280352,30.817002484129162,41.32351920005555,80.90443384561031,58.47579485540822,43.20950017778467
Audits,74,68,47271,638.8,4.43,1.75,28.76,155,25.0,24.52,19.11,36.639363021554814,97.60677706036188,8.898009887610282,71.69472812586254,13.894868411915839,74.63345698639816,74.34094903339192,47.16322152034627
Bulk shipping,59,57,37612,637.49,3.1,4.05,69.24,37,39.99,58.89,24.07,35.092442181927396,98.57262856086867,42.64528547886642,15.829423130002766,24.30386778695924,13.919802155096264,66.41636044096501,46.26202396427609
Sports products,139,133,79026,568.53,3.49,3.14,56.86,126,39.94,44.05,12.45,38.22331451515734,92.73467993481657,31.88278677287314,32.91471156500137,24.269147975835008,40.134251898957785,84.98162645790063,47.66695924104559
Agent analytics,53,52,6699,126.4,3.87,3.16,38.41,117,60.0,21.85,27.78,6.340492638044783,98.98274095187962,24.732035689404817,58.37703560585151,38.198736198875075,79.34993817346758,60.488895989774726,44.88753418634661
Color and font,352,306,65990,187.47,3.72,1.86,24.29,594,20.49,25.12,14.84,18.32607887240677,78.35397848498933,22.800818092032554,77.8636489097433,10.76314144851052,73.57357357357357,81.16312509985622,41.95015007542847
Hats,56,56,44541,795.38,3.62,3.59,58.22,50,36.95,45.65,22.05,43.57166985054573,98.71825527935354,31.066933022212147,31.03781396632624,22.19290327060621,37.30789613142556,69.64371305320338,48.63025246940458
Custom links and discounts,66,66,15792,239.27,3.89,2.08,35.19,116,68.5,20.92,25.01,13.03861838505493,97.9687018754235,20.378297618747848,62.82086668506762,44.101104089993754,80.9927574633457,64.91452308675507,47.121670804608875
QR codes,65,61,20547,316.11,4.46,1.6,22.73,124,49.99,24.4,29.21,17.377852623635093,98.20213582120478,7.775791302596133,80.01656086116478,31.24783001180474,74.84543366896308,58.20418597220004,44.8813601506143
Conversion tracking,331,298,135753,410.13,4.1,3.29,26.91,613,39.0,23.83,7.24,39.5094851888616,79.41298516573055,20.837704977659158,74.24786088876621,23.616415526699537,75.85232291114644,93.30563987857485,49.352655883260965
Customer insights,69,68,12928,187.36,3.69,2.58,14.25,153,60.0,20.62,44.36,10.160768208932023,97.78345550559155,26.02016691987231,91.71956941760972,38.198736198875075,81.522699169758,33.99904138041221,47.97877093642652
ZIP/post code,91,78,7633,83.88,3.83,3.66,33.83,118,19.49,26.38,12.54,4.487621350548635,96.60987383311027,27.33207989547224,64.69776428374276,10.06874522602597,71.34781840664193,84.83783351973159,41.69966689195051
Image compression,70,64,43838,626.26,4.01,1.95,28.76,127,20.0,29.28,20.6,35.52260893208117,97.9065984219339,17.61863593505626,71.69472812586254,10.422887299493091,66.22504857798975,71.96037705703787,47.627876293679925
Shipping protection,54,50,13122,243.0,4.17,1.25,61.87,95,29.99,26.36,40.12,12.803152527424926,99.02664456552782,12.001387734774788,26.0005520287055,17.35990556211374,71.38314785373609,40.77328646748683,36.21825734516551
Multi-zone,72,66,7363,102.26,3.95,3.93,36.29,112,24.99,23.49,13.0,5.309123617361333,97.75668774114789,26.04408855762317,61.302787744962735,13.887924449690994,76.45292351174704,84.10289183575651,42.32869437341965
White label,51,50,38424,753.41,3.37,4.22,70.41,42,49.0,50.59,23.56,40.66028472246448,99.13265163266564,38.137665527940754,14.214739166436658,30.560377751545033,28.581522699169753,67.23118709058956,48.41530068160078
Age verification,58,55,6734,116.1,3.88,2.26,15.89,75,15.0,26.61,34.3,5.8622434658902245,98.68720355260874,21.230663342818055,89.4562517250897,6.950906187070342,70.94152976505919,50.07189646908453,41.48806665783463
Custom templates,70,67,32982,471.17,3.78,2.6,52.18,72,19.99,42.4,29.77,26.570939806622007,97.78773946789269,24.38272382119486,39.373447419265794,10.415943337268246,43.04893128422541,57.30947435692603,41.5944841340474
Order details,54,45,11048,204.59,4.45,2.87,16.28,128,39.99,14.09,24.94,10.680678735218413,99.22474282226315,12.63845871908723,88.91802373723434,24.30386778695924,93.05776364599895,65.02636203866433,45.484398818075164
Pick lists,65,61,6792,104.49,3.58,5.57,27.99,95,39.0,31.65,23.65,5.326020918037946,98.20213582120478,39.11215750789694,72.75738338393596,23.616415526699537,62.03850909733263,67.08739415242053,46.06885972521601
Prices,179,150,18911,105.65,3.68,4.37,24.92,358,29.99,18.89,10.48,7.244209956225653,90.64771830007896,32.7960057859587,76.99420369859232,17.35990556211374,84.57869634340223,88.12909410448954,45.43859303283483
Barcode scanning,60,56,3644,60.73,3.58,9.36,18.91,90,47.0,30.23,21.65,2.7871751830832396,98.5769125231698,53.056234034754915,85.28843499861992,29.17158530657593,64.54689984101748,70.28279277839911,50.669489034174966
Pricing quotes,90,83,11854,131.71,3.92,3.22,33.7,174,14.99,17.29,16.06,7.38258344571917,96.44711126542086,24.00221589907588,64.87717361302788,6.943962224845497,87.40505211093446,79.21393193800927,41.79577219180594
Carousel,62,54,8327,134.31,4.01,2.68,33.17,98,11.0,26.47,21.45,6.962265128225935,98.58548044777206,20.30443431621888,65.60861164780567,4.173321297132144,71.18883589471825,70.60233264099696,39.79496702099082
Scheduled tasks,78,73,6441,82.58,3.47,2.61,23.75,186,19.99,20.43,30.26,4.243268607865359,97.26733604744278,30.313051701513913,78.60888766215842,10.415943337268246,81.85832891715245,56.526601693561275,42.91942149909945
Rank tracking,61,54,28914,474.0,3.98,1.73,36.8,104,25.0,27.89,31.24,26.078223284727184,98.620816136818,17.379559450166052,60.59895114545956,13.894868411915839,68.68044515103338,54.96085636683177,44.045821390805195
All-over-print,56,54,37516,669.93,3.5,3.27,53.08,47,37.0,48.35,26.18,36.60088373942814,98.79749458204768,32.1709655668309,38.13138283190726,22.227623081730435,32.53842077371489,63.0452148905576,47.270376493296666
Custom,224,177,49592,221.39,4.12,1.81,23.23,360,19.95,24.17,20.09,17.397008221277158,87.98788170664098,15.012296561159655,79.32652497929892,10.388167488368863,75.25172231054583,72.77520370666241,41.84151163092505
Video and livestream,136,131,8522,62.66,3.49,2.92,34.63,225,50.0,24.34,15.4,3.627961205649977,92.91992630464853,31.073368082659744,63.59370687275738,31.254773974029582,74.95142201024554,80.2684134845822,44.51422773699571
Promotions - Other,117,108,11302,96.6,3.23,2.08,48.79,169,19.99,25.75,33.72,5.649120541949064,94.50255637750388,32.92582613585812,44.051890698316306,10.415943337268246,72.46069599010775,50.99856207061831,39.038500111617836
Sticky display,70,63,26208,374.4,3.72,0.65,19.51,93,9.99,29.1,37.36,20.985409657291843,97.94621807328096,18.349015295858898,84.4603919403809,3.4719811124227484,66.54301360183713,45.18293657133727,43.05853295771116
Conditional pricing,50,49,21762,435.24,4.47,3.21,28.12,103,20.0,24.26,18.09,23.15839460354629,99.20760697305863,13.50915037617126,72.57797405465084,10.422887299493091,75.09273979862215,75.970602332641,44.707347727684756
Segmentation,342,324,128956,377.06,3.91,1.97,14.05,658,49.99,23.28,7.73,36.91142149413156,77.99418165120147,19.59336013675902,91.99558377035606,31.24783001180474,76.82388270623565,92.5227672152101,51.0994291060036
Store credit,103,101,19788,192.12,3.91,1.83,45.65,195,59.99,22.44,19.96,11.439237643168768,95.27459358357646,19.078275515714136,48.38531603643389,38.19179223665024,78.30771948419007,72.98290461735101,43.8622148748683
Custom campaigns,81,77,51573,636.7,3.76,2.53,11.12,124,48.0,30.81,19.31,37.202342066229086,97.0028503749167,24.505409647554536,96.03919403808999,29.86598152906048,63.52234587528706,74.02140917079406,54.56324190652364
Email chat,55,55,15130,275.09,3.83,2.67,23.33,107,59.0,23.57,37.9,14.618723877416185,98.79321061974655,23.689695789511976,79.18851780292576,37.504339976390526,76.31160572337043,44.320178942323054,47.72735426124158
Shipping rules,107,99,12326,115.2,3.79,6.39,29.66,145,35.0,32.56,13.03,6.679950741397002,95.21249013008685,38.136686279611766,70.452663538504,20.838830636761337,60.431019254548666,84.05496085636683,45.735212922199345
Real-time sync,104,95,11591,111.45,3.73,5.18,24.21,175,89.0,20.09,17.2,6.390839198725262,95.47697580261294,34.8255678940845,77.97405465084184,58.336226650927024,82.45892951775305,77.39255472120148,52.198632213691766
Automated campaigns,54,53,34440,637.78,3.61,5.57,12.81,86,84.0,29.27,28.55,34.61825261701388,98.90778561148662,38.54181530257375,93.70687275738338,54.86424553850428,66.24271330153684,59.25866751877297,60.01987648459502
Shoppable feeds,53,49,16504,311.4,4.48,2.47,33.34,104,49.0,22.79,38.81,16.534943579141384,99.10159990592084,10.5964461679215,65.37399944797129,30.560377751545033,77.6894541600424,42.8662725675028,43.22258805345996
Affiliate links,77,77,17465,226.82,3.65,2.22,30.39,128,59.0,19.88,22.61,12.711316990118448,97.14419313110045,25.456119882378292,69.44521115097984,37.504339976390526,82.82988871224165,68.7490014379294,47.84700846929048
Tiered discounts,97,89,21847,225.23,4.28,2.22,57.63,183,39.0,23.33,24.09,13.310545653740876,95.9620435340169,13.47893357059121,31.85205630692795,23.616415526699537,76.73555908850027,66.38440645470523,39.09949807121484
Profit insights,113,112,11622,102.85,3.53,1.28,24.99,222,50.0,19.01,23.54,5.991797585816372,94.48542052829936,24.27906339094112,76.8975986751311,31.254773974029582,84.3667196608373,67.26314107684934,45.210315180804066
Custom notifications,195,182,75163,385.45,4.17,1.57,30.86,386,49.0,21.56,12.73,29.032807411552163,88.8145184322378,13.178724011448812,68.79657742202595,30.560377751545033,79.86221515633281,84.53427065026362,47.34038903688953
Distance-based,71,63,6064,85.41,3.73,3.33,37.81,96,26.99,26.32,15.78,4.318172938001575,97.91088238423502,28.019092544562795,59.20507866409053,15.276716894660094,71.45380674792439,79.66128774564626,42.03330834554656
In-store,60,56,7331,122.18,3.46,2.81,40.01,91,19.99,22.22,21.91,6.239536716084871,98.5769125231698,31.239000942876253,56.16892078388076,10.415943337268246,78.69634340222575,69.86739095702188,42.13053716917113
Preview,78,76,18266,234.18,3.72,2.78,27.57,138,24.99,24.86,21.55,13.180084200781604,97.14847709340158,26.185659887470376,73.33701352470328,13.887924449690994,74.03285638579756,70.44256270969804,44.60250942106855
Historical analysis,167,162,11099,66.46,3.41,1.79,40.46,328,59.0,17.11,15.1,4.2026926529034805,90.59631075246537,28.436811903183116,55.54788849020149,37.504339976390526,87.72301713478184,80.74772327847899,44.46127456049734
SMS notifications,104,101,25653,246.66,3.66,1.61,13.44,172,38.0,28.81,21.02,14.902087355247557,95.23925789453054,23.021708536527356,92.8374275462324,22.922019304214984,67.05529058470236,71.28934334558237,47.016992471793195
Build a box,54,52,15468,286.44,4.32,2.18,37.76,103,29.0,23.13,15.11,15.203637152410078,98.94740526283368,12.5713102622427,59.27408225227712,16.672453301854038,77.0888535594418,80.7317462853491,42.42395860586316
Marketing - Other,121,121,8701,71.91,3.01,2.2,10.95,150,39.0,27.98,26.66,4.089818136287938,93.84615815380823,37.5498367453143,96.27380623792438,23.616415526699537,68.5214626391097,62.278319220322736,47.01148555966549
Promotions,247,232,141744,573.86,4.11,1.64,22.4,445,29.99,25.33,7.03,48.118676872225066,84.99608003449569,14.576950732617634,80.47198454319624,17.35990556211374,73.20261437908496,93.6411567343026,50.937648215785
Analytics,1465,1291,326291,222.72,3.52,1.87,27.1,2452,39.0,23.08,3.05,60.01164472325001,0.0,26.639891219499916,73.98564725365719,23.616415526699537,77.17717717717719,100.0,40.130775337942
Affiliate programs,186,184,27161,146.03,3.09,2.26,43.19,259,59.0,24.93,14.54,10.408961028823988,89.05330033095709,36.24967474966216,51.78029257521391,37.504339976390526,73.90920332096803,81.642434893753,46.24409743804587
AI recommendations,179,172,34444,192.42,4.3,1.86,47.79,372,40.0,23.57,15.28,13.707198617860612,89.77608597044346,11.774202122450813,45.43196246204803,24.310811749184086,76.31160572337043,80.46013740214092,39.765262437901995
Personalization,92,90,42708,464.22,3.29,3.43,62.01,68,39.45,52.11,22.99,27.740319837347556,96.09910232789952,36.75202914243027,25.807341981783054,23.928893826817585,25.89648472001413,68.14187569899346,44.37729254655417
Metadata optimization,98,90,46093,470.34,4.46,1.59,23.47,174,24.99,28.34,21.46,28.54824416371631,95.8870881936239,7.738999543950069,78.99530775600331,13.887924449690994,67.88553259141494,70.58635564786707,44.768592443461955
Custom packaging,65,64,39805,612.38,3.4,3.99,54.76,46,44.5,52.58,24.67,34.25066470564255,98.08327686716356,36.7211128737581,35.812862268837975,27.435594750364555,25.066242713301534,65.45774085317143,47.7463687423571
Real-time analytics,85,81,45371,533.78,3.75,2.17,14.95,161,29.0,25.45,21.58,31.416006646738445,96.70302901334469,23.371020404737322,90.75351918299752,16.672453301854038,72.99063769652005,70.39463173030836,50.6142949302203
Warning pop-ups,53,50,20686,390.3,4.11,1.11,14.9,78,22.95,26.96,48.16,20.882785278202427,99.06198025457377,12.62698752437628,90.8225227711841,12.471356155822514,70.3232644409115,27.92778399105289,43.42399799743063
Furniture,96,92,47467,494.45,3.57,2.85,65.72,93,39.98,41.61,20.73,29.891618608788054,95.87852026902164,29.294913224608795,20.687275738338386,24.296923824734392,44.44444444444444,71.75267614634926,44.030713528006785
Apparel,83,83,50310,606.14,3.34,3.81,57.25,62,36.95,52.31,19.52,35.573181055140196,96.69446108874241,37.199545628775354,32.376483577146004,22.19290327060621,25.543190249072595,73.68589231506631,47.20013458380107
Dimensions,57,54,12733,223.39,4.2,2.63,35.25,111,19.0,22.22,30.92,11.822551800196822,98.76215889300174,16.50830822260832,62.73806237924372,9.728491077008542,78.69634340222575,55.47212014698834,40.45123445010758
Automated rules,50,49,16566,331.32,3.98,1.83,32.23,85,69.0,21.62,23.84,17.4798124784856,99.20760697305863,17.747477036626687,66.9058791057135,44.44830220123603,79.75622681505034,66.78383128295255,48.445806067215365
Countdown timers,103,99,51720,502.14,4.32,1.72,15.34,184,29.0,24.6,19.26,30.906747024125792,95.3538328862706,10.878889364523788,90.21529119514214,16.672453301854038,74.49213919802155,74.10129413644353,47.925299987705905
Error reports,61,45,6572,107.74,3.55,3.64,27.65,130,59.0,17.61,29.66,5.444790413191185,98.97739299894161,32.58169029452992,73.22660778360475,37.504339976390526,86.83978095742802,57.48522128135485,47.8375761487503
Bulk,136,107,19024,139.88,3.99,3.37,22.66,291,40.0,18.38,10.41,8.868841209669114,93.87079793697816,23.223293799679364,80.113165884626,24.310811749184086,85.47959724430314,88.24093305639879,45.979993515624095
Shipping insurance,74,69,16514,223.16,3.59,3.69,27.26,88,39.0,36.23,27.5,12.393213770672798,97.56715740901481,32.005192813995976,73.76483577146011,23.616415526699537,53.948065712771594,60.93625179741173,45.67593526893046
Filtering,157,147,113145,720.67,4.25,1.27,25.89,308,19.9,23.72,8.74,50.61397086276804,91.54396241313077,10.554058704538397,75.65553408777257,10.353447677244636,76.04663487016428,90.9090909090909,50.53945378855256
Shipping analytics,101,97,28764,284.79,3.57,3.22,22.41,134,42.5,35.27,16.5,17.170889041434986,95.5037435670566,30.656208294513135,80.45818382555893,26.04680230539546,55.643879173290934,78.51094424029398,48.18529253171716
Bags,67,66,48390,722.24,3.57,3.78,55.68,53,35.0,50.93,20.29,40.729334482261834,97.93336618637755,32.71654677869268,34.5431962462048,20.838830636761337,27.980922098569167,72.45566384406455,47.91428973084588
Fonts,93,86,41379,444.94,4.33,1.47,25.69,151,19.9,26.44,24.08,26.630656098559864,96.22224524424186,9.768981329931144,75.9315484405189,10.353447677244636,71.24183006535947,66.40038344783511,43.88419201077288
Inventory sync,625,540,64151,102.64,2.9,6.34,21.65,852,39.45,24.21,15.33,14.060115334714778,59.436336960234755,54.872879577636205,81.50703836599503,23.928893826817585,75.18106341635753,80.38025243649145,45.89497584451748
Photos,108,90,49010,453.8,4.29,1.59,40.37,151,19.95,29.95,19.52,28.220207424767707,95.53373130316453,10.970938707448159,55.67209494893734,10.388167488368863,65.04151210033564,73.68589231506631,42.41779069723363
Purchase tracking,165,154,16895,102.39,3.63,2.07,47.64,324,59.0,18.12,16.19,6.781107403143552,90.9839393413338,25.284471639569468,45.63897322660778,37.504339976390526,85.93888005652711,79.00623102732067,43.38576292027829
Dropshipping,417,387,95300,228.54,3.03,3.63,55.76,268,39.98,51.07,10.32,24.76194304966002,72.84796693789094,42.430830094819214,34.432790505106254,24.296923824734392,27.7336159689101,88.38472599456782,42.139979891351715
Engagement tracking,128,108,56750,443.36,4.53,1.31,37.66,213,25.0,27.12,16.86,28.920298914076938,94.11386379799859,5.378031822772842,59.41208942865029,13.894868411915839,70.04062886415826,77.93577248761784,42.55271312491473
Custom code,316,288,128705,407.29,4.04,1.62,20.46,491,24.99,27.48,7.74,38.29225684951258,80.33921701489027,15.83416569441297,83.14932376483577,13.887924449690994,69.40469881646352,92.5067902220802,47.3014362501032
Badges,154,143,105642,685.99,4.24,1.33,30.97,263,24.99,27.22,9.36,47.831738086203366,91.80844808565685,10.964923324855839,68.64476952801544,13.887924449690994,69.86398162868751,89.91851733503755,49.44939937209483
Bulk editing,333,305,117989,354.32,4.05,3.28,24.47,644,25.0,25.06,7.71,34.15711416523628,79.06497622820919,21.751483561218414,77.6152359922716,13.894868411915839,73.67956191485604,92.55472120146989,46.860038516025426
SMS marketing,118,113,36885,312.58,3.01,2.85,10.23,140,47.0,34.82,22.35,19.724644311403463,94.2691224317226,39.94130105730841,97.2674579078112,29.17158530657593,56.43879173290938,69.1644032593066,52.15588911203538
Cohort analysis,95,92,10600,111.58,3.84,1.16,26.64,197,79.0,18.03,25.81,6.244542240556618,95.91385595806757,17.944026165515357,74.62048026497378,51.392264426081525,86.09786256845081,63.63636363636364,46.99031098550607
Related products,50,49,30516,610.32,4.35,1.39,40.7,93,29.0,21.19,29.5,32.725428460894506,99.20760697305863,9.094419123880513,55.21667126690587,16.672453301854038,80.51580992757462,57.74085317143314,44.77713061153054
Shipping bar,56,53,9660,172.5,4.17,1.46,45.31,104,19.49,21.05,17.83,8.960454155278423,98.83711423339474,12.774014666342117,48.85454043610267,10.06874522602597,80.7631160572337,76.38600415401822,38.81556115684374
Rewards,133,127,71215,535.45,4.21,1.32,29.85,246,49.0,24.32,13.99,35.468843170567226,93.18441197717459,11.498473771532975,70.19044990339498,30.560377751545033,74.9867514573397,82.5211695158971,49.28228564411641
Returns and exchanges,145,138,13880,95.72,3.86,2.1,17.49,238,47.0,22.76,17.27,6.00425857750095,92.32456754380561,21.022223341363176,87.24813690311896,29.17158530657593,77.74244833068363,77.28071576929221,45.02213251270608
Cart pop-ups,73,68,43014,589.23,4.45,1.25,20.26,144,29.99,22.28,21.89,33.657163781449825,97.6421127494078,6.67819381842498,83.42533811758211,17.35990556211374,78.5903550609433,69.89934494328168,47.64935690521554
URL optimization,60,54,32516,541.93,4.41,1.89,34.5,102,26.0,24.29,27.78,29.821778432560613,98.65615182586393,9.793322645537284,63.7731162020425,14.58926463440039,75.03974562798092,60.488895989774726,44.487472898672486
Review count,56,49,41863,747.55,4.51,1.37,38.39,93,19.0,30.37,22.85,40.91399818471247,98.99559283878301,5.97901051153136,58.404637041126136,9.728491077008542,64.29959371135843,68.36555360281196,45.156414947613406
Order processing,57,55,4699,82.44,3.82,2.3,51.01,113,29.0,19.29,31.54,3.968801306951138,98.72253924165467,22.518514788048694,40.9881313828319,16.672453301854038,83.87210740151917,54.48154657293498,38.757774964962465
All reviews page,102,98,92866,910.45,4.3,1.3,29.48,175,19.0,28.35,10.65,56.40639311453415,95.42878822666361,9.713863638271269,70.70107645597571,9.728491077008542,67.86786786786786,87.85748522128135,51.445777613226824
Variants,296,258,34187,115.5,3.7,3.08,24.17,597,29.0,20.63,6.08,10.05593345515242,82.23452033622104,27.6696407837344,78.0292575213911,16.672453301854038,81.50503444621091,95.15897108164243,43.63180961158908
Physical products,98,96,27194,277.49,4.45,2.46,47.48,180,37.5,21.4,14.36,16.58667835063969,95.6493702855415,11.129996614598635,45.85978470880486,22.57482119297271,80.14485073308603,81.93002077009108,41.5784881926732
Invoice numbers,63,53,9249,146.81,4.28,3.06,30.78,125,19.0,24.55,16.02,7.690986617822579,98.58976441007319,16.569441296860525,68.90698316312448,9.728491077008542,74.58046281575693,79.27783991052884,40.9974749100204
Upsell and cross-sell,582,527,86573,148.75,3.66,1.87,38.75,985,29.0,22.9,11.5,19.6733584810598,61.4708270567219,23.978294261325004,57.90781120618272,16.672453301854038,77.49514220102455,86.49944080524045,38.49954215008397
Invoices,97,84,10049,103.6,3.78,3.18,29.49,165,17.0,24.32,14.75,5.785109500014933,96.16014179075225,26.51664582266653,70.6872757383384,8.339698632039443,74.9867514573397,81.30691803802524,42.11600074109549
Tags,78,76,8333,106.83,3.46,4.27,26.79,164,19.99,22.48,23.39,5.6728773755565545,97.14847709340158,36.610597705201485,74.41346950041402,10.415943337268246,78.23706059000176,67.50279597379773,44.46076558243137
APIs and webhooks,164,147,61124,372.71,3.56,2.49,15.26,289,29.99,26.11,16.29,26.275617507903036,91.2966125898092,28.16052398179158,90.32569693624069,17.35990556211374,71.82476594241301,78.84646109602173,49.63044857115879
Welcome messages,219,209,55588,253.83,3.57,2.62,14.01,397,49.0,25.88,14.83,19.842308687088142,86.89673130876449,28.44870277574934,92.05078664090533,30.560377751545033,72.23105458399576,81.1791020929861,49.48930714934618
Entertainment and media,73,67,39485,540.89,3.8,2.82,57.24,90,39.99,34.53,24.92,30.844674174556264,97.68173240075487,24.81191437452612,32.39028429478333,24.30386778695924,56.951068715774596,65.05831602492411,45.19497573325241
Daily sales summary,52,43,8281,159.25,4.18,3.7,21.16,120,39.45,16.08,20.24,8.126236972121795,99.37465350304917,20.82525453461923,82.18327353022357,23.928893826817585,89.54248366013073,72.53554880971402,45.98310390110137
Content analysis,88,83,42576,483.82,4.28,2.0,32.12,162,25.0,26.99,21.21,28.640328975417653,96.51778264351273,12.669514880377815,67.05768699972398,13.894868411915839,70.27027027027027,70.9857804761144,44.850343247711535
Wall art,58,57,38194,658.52,3.66,4.3,68.83,49,30.0,48.96,23.71,36.16939886747391,98.6079642499146,32.91869161231838,16.39525255313275,17.366849524338587,31.46087263734323,66.99153219364115,44.514853814828356
Customer tags,55,51,3072,55.85,4.05,2.44,43.13,116,19.99,19.59,15.36,2.470071995793909,98.95168922513483,18.6609758349491,51.863096881037805,10.415943337268246,83.34216569510687,80.33232145710178,39.07247655726971
Insights and tips,116,111,84621,729.49,4.45,2.41,23.12,223,29.99,25.8,10.67,46.6415432478005,94.4190331125086,10.946037821368321,79.47833287330941,17.35990556211374,72.37237237237238,87.82553123502157,51.29511430074321
Behavior,70,54,18391,262.73,4.2,2.76,35.87,120,28.99,23.08,34.87,14.5398591495324,98.30279493540456,16.98660108500714,61.88241788573006,16.665509339629196,77.17717717717719,49.16120786068062,41.697831432875724
Germany,53,51,52948,999.02,3.83,2.76,70.01,63,37.95,36.0,18.58,54.42636162860772,99.0223606032267,24.020821617326543,14.766767871929318,22.887299493090758,54.354354354354356,75.18772966927625,49.602102763600655
Product sync,231,202,59566,257.86,3.64,6.26,20.09,391,29.0,25.28,16.51,20.643292619358714,86.75004059964272,40.510104443828915,83.6599503174165,16.672453301854038,73.29093799682035,78.49496724716408,49.06901045275298
Weight-based,111,96,7627,68.71,3.69,4.21,33.11,148,19.0,25.85,12.55,3.77439843139261,95.1900063279443,32.01722357918062,65.69141595362959,9.728491077008542,72.28404875463698,84.82185652660169,42.26875611024931
Auto-optimization,65,62,35566,547.17,3.81,1.71,27.98,118,24.49,29.24,25.4,30.53686476035326,98.16251616985771,20.537915096372025,72.77118410157328,13.540726338448719,66.29570747217807,64.29142035468925,47.21188619560227
Impression counts,59,56,24830,420.85,3.72,3.11,13.0,99,50.0,27.74,39.61,22.954531654511428,98.61224821221573,27.399787922790463,93.44465912227436,31.254773974029582,68.94541600423953,41.588113117111355,50.500398605028515
Custom shipping,57,56,37738,662.07,3.24,3.44,55.71,44,49.0,52.69,26.02,36.26596143473264,98.6829195903076,37.73939124328165,34.501794093292844,30.560377751545033,24.87193075428368,63.30084678063589,48.79382747420803
Checkout,53,53,3786,71.43,3.52,2.17,19.36,86,29.99,30.4,17.67,3.311426131929863,98.94312130053255,27.743643978881813,84.66740270494066,17.35990556211374,64.2465995407172,76.6416360440965,44.28034747291715
Website traffic,95,84,36162,380.65,4.02,1.92,33.44,151,19.99,26.19,24.98,22.809652479665527,96.23081316884412,17.318146590677006,65.23599227159812,10.415943337268246,71.68344815403638,64.96245406614474,43.33049091057972
Chat flows,74,73,7813,105.58,3.94,3.08,38.81,169,59.0,22.48,23.82,5.534215955261512,97.40867880362653,23.10690314114885,57.82500690035881,37.504339976390526,78.23706059000176,66.81578526921234,44.147464357225616
Navigation and menus,87,78,14213,163.37,3.7,3.1,28.44,149,14.99,18.48,13.75,9.231942922797915,96.75121658929402,27.74322430102653,72.13635109025668,6.943962224845497,85.30295000883237,82.90461735101454,43.872481719508436
Cart emails,81,72,53344,658.57,3.14,2.42,10.95,126,31.0,32.64,18.67,38.501591055672336,97.20094863165204,35.887772545793844,96.27380623792438,18.061245746823136,60.289701466172055,75.04393673110721,55.346391395087146
Manual,88,73,10355,117.67,3.85,2.55,23.17,190,29.0,17.75,19.13,6.4928179709094564,96.91397915698342,22.867966548877078,79.40932928512282,16.672453301854038,86.59247482776894,74.30899504713213,44.0664680514349
Upsell and bundles - Other,61,57,1946,31.9,3.26,4.06,25.69,88,19.99,20.0,14.44,1.172348983420097,98.50195718277679,39.64025214245545,75.9315484405189,10.415943337268246,82.61791202967673,81.80220482505192,45.29808129828003
Order limits,103,92,12186,118.31,3.94,3.16,42.79,178,14.99,19.3,13.18,6.804449411496371,95.63117044570008,23.401237210317362,52.332321280706594,6.943962224845497,83.85444267797209,83.81530595941844,40.16590777774459
Receipts,55,49,8581,156.02,4.05,3.02,29.67,98,15.0,24.81,17.27,8.020709376592109,99.03092852782896,20.79489783642077,70.43886282086669,6.950906187070342,74.12118000353294,77.28071576929221,41.626959615786454
Social proof,231,193,63653,275.55,3.91,1.56,36.65,321,15.0,27.19,15.03,22.102437998279694,87.10661746176633,18.084898032270427,60.80596191001932,6.950906187070342,69.91697579932874,80.85956223038824,41.22597161892561
Email,185,175,48734,263.43,3.95,2.13,29.23,394,29.0,21.94,9.74,19.23902900332797,89.44521288212664,19.42157200133178,71.04609439690864,16.672453301854038,79.1909556615439,89.31139159610161,44.61370902537492
Custom bundles,110,107,41811,380.1,4.13,1.53,30.26,197,19.99,22.35,21.53,23.652559591844366,94.7895258521725,13.792013250628822,69.62462048026497,10.415943337268246,78.46670199611376,70.47451669595782,43.60136220174167
Custom alerts,54,52,5312,98.37,3.61,2.69,18.92,92,14.99,29.23,25.51,4.811057231907374,98.94740526283368,27.945788812507523,85.27463428098261,6.943962224845497,66.31337219572514,64.11567343026043,42.671913166169446
Localization,155,143,103023,664.66,4.17,1.54,19.49,262,29.99,27.1,9.67,46.427434766734365,91.77311239661091,13.068348735510623,84.48799337565553,17.35990556211374,70.07595831125244,89.42323054801086,51.60289553295368
Payments,90,87,8892,98.8,2.9,4.33,19.98,82,25.99,36.15,23.26,5.381798383967549,96.28863266003259,47.47773608977749,83.81175821142699,14.582320672175545,54.089383501148205,67.71049688448633,46.75724128720466
Scheduling,198,180,63191,319.15,4.02,1.28,23.0,336,19.99,26.25,15.76,24.078606750677796,88.78775066779411,14.963474037328957,79.64394148495721,10.415943337268246,71.57745981275393,79.69324173190606,43.86021735501302
Exit intent,129,125,83344,646.08,4.15,1.84,15.28,239,29.99,26.11,11.95,42.52868237511872,93.40499403605249,14.552329631774647,90.29809550096604,17.35990556211374,71.82476594241301,85.78047611439527,51.737692814599185
Feed optimization,67,60,25354,378.42,4.31,5.86,15.28,142,20.0,19.77,35.89,21.042834378322105,98.17108409445997,26.300791512435065,90.29809550096604,10.422887299493091,83.02420067125949,47.531554561431534,47.27611412261465
Custom discounts,197,182,35944,182.46,3.88,2.22,19.98,356,24.99,22.22,16.08,13.470209176169956,88.74384705414593,21.083496308233805,83.81175821142699,13.887924449690994,78.69634340222575,79.18197795174949,43.691301522813546
Loyalty and rewards,210,203,51156,243.6,3.18,1.57,42.35,349,50.0,22.17,19.33,18.680388232271838,87.45247041826032,32.000016787114205,52.93955285674855,31.254773974029582,78.78466701996113,73.98945518453428,46.181471991146935
Social links,61,55,8835,144.84,4.21,2.86,28.77,95,29.0,28.03,24.26,7.534819158455644,98.58119648547093,17.16440460302672,71.68092740822523,16.672453301854038,68.43313902137432,66.11279757149705,41.42908257305764
Marketing attribution,149,142,21249,142.61,3.64,1.75,42.3,297,59.0,19.0,25.47,9.33919895087131,92.0247461822336,23.917021294454376,53.00855644493513,37.504339976390526,84.38438438438439,64.17958140278,43.87785816336574
Reporting,272,253,169100,621.69,4.32,1.85,19.52,515,30.0,25.25,5.89,54.571457556324916,83.28067513005885,11.357182226922612,84.44659122274358,17.366849524338587,73.34393216746157,95.4625339511104,52.06044571733127
Quick replies,124,122,16232,130.9,3.38,2.59,22.17,260,59.0,22.71,35.33,8.017821501692087,93.70053143532337,31.950494800191375,80.78940104885453,37.504339976390526,77.830771948419,48.426266176705546,47.152103630126234
Subscriptions,158,152,56566,358.01,3.95,2.69,29.46,286,49.0,23.61,11.27,24.884433383175022,91.31052846734949,21.48191048551132,70.72867789125034,30.560377751545033,76.24094682918212,86.866911647228,48.59191351204321
Announcements,167,144,66800,400.0,4.22,0.95,21.55,260,19.99,23.43,14.91,28.42989091200399,91.3094644767126,9.947064633187573,81.6450455423682,10.415943337268246,76.5589118530295,81.05128614794695,44.96618450485691
Triggers and rules,364,317,164969,453.21,3.86,1.74,20.99,630,28.49,25.75,6.04,46.02527216925429,77.49413405162034,19.697720030104897,82.41788573005796,16.31831122838692,72.46069599010775,95.22287905416201,50.01840286813595
Push notifications,75,75,62171,828.95,3.95,1.98,13.07,133,39.99,27.66,15.91,47.85916493886923,97.29410381188646,18.86969562164083,93.34805409881314,24.30386778695924,69.08673379261614,79.45358683495766,55.60495273072665
Embedded forms,66,62,16599,251.5,3.94,1.75,24.91,116,25.0,25.16,31.42,13.736976863765042,98.12718048081177,18.213599241222436,77.00800441622964,13.894868411915839,73.50291467938527,54.67327049049369,42.8962401222524
SKU and barcodes,78,73,5176,66.36,3.51,3.86,18.33,149,17.0,21.88,37.65,3.287127975764473,97.26733604744278,34.151565258507574,86.08887662158432,8.339698632039443,79.29694400282636,44.71960377057038,43.166232100765384
Discounts,1095,921,291357,266.08,3.54,1.96,24.75,1783,29.0,23.29,3.42,56.67526397378125,27.733475945411683,26.59078891043235,77.22881589842672,16.672453301854038,76.80621798268857,99.40885125419396,44.06817201157902
Links and buttons,82,74,27029,329.62,3.52,0.52,19.12,108,9.99,30.38,36.23,19.009043415959695,97.08637363991197,21.67300380228137,84.99861992823627,3.4719811124227484,64.28192898781134,46.98833679501519,43.088308791256964
Cash on delivery (COD),56,53,9155,163.48,3.53,1.0,15.25,59,9.99,34.07,56.97,8.459262819530846,98.83711423339474,23.248894148851345,90.339497653878,3.4719811124227484,57.76364599894011,13.85205304361719,39.66754926571101
Gift boxes,61,58,13816,226.49,4.48,2.34,37.3,124,29.0,20.51,13.76,12.134660118185634,98.46233753142971,10.118153305522675,59.90891526359371,16.672453301854038,81.71701112877584,82.88864035788464,41.47180529290739
Wholesale bundles,59,58,15207,257.75,4.32,1.4,28.07,94,24.49,24.6,15.37,13.816373794200452,98.53300890952158,9.701553087849764,72.64697764283743,13.540726338448719,74.49213919802155,80.31634446397189,42.137236746175105
Custom layouts,114,95,47842,419.67,4.42,1.57,41.88,175,19.95,29.2,20.0,26.438028330047487,95.12361891215357,8.425872300422204,53.588186585702445,10.388167488368863,66.36636636636638,72.91899664483145,41.20071725741249
Performance tracking,128,117,61136,477.63,3.89,3.37,16.43,206,29.99,27.72,16.09,31.2039321364786,93.75728693587496,25.124434484090013,88.71101297267458,17.35990556211374,68.98074545133369,79.16600095861959,50.45975177019483
Funnel performance,152,144,37453,246.4,4.35,1.78,42.49,303,39.99,24.19,14.05,16.704543510880633,91.83949981240166,10.529297711076982,52.7463428098261,24.30386778695924,75.21639286345169,82.42530755711775,41.452194852470846
China,125,114,64761,518.09,3.27,2.51,60.93,82,36.48,54.19,15.19,33.66118342385575,93.98215295705398,33.747415483874576,27.297819486613292,21.866537046038466,22.222222222222214,80.60393034030996,45.11227967784336
Mockup generator,77,75,48583,630.95,3.35,3.84,56.24,50,39.99,55.36,20.21,36.47253603530632,97.22343243379458,37.119806836272474,33.770356058515034,24.30386778695924,20.155449567214262,72.58347978910369,47.646344104551275
Legal,107,101,7476,69.87,3.43,3.26,17.95,114,6.49,22.44,42.38,3.8056441332430486,95.13325082739271,33.46497228727228,86.61330389180237,1.0415943337268248,78.30771948419007,37.162486020131006,41.26213547069908
Cutoff times,54,50,8779,162.57,4.1,2.56,40.95,90,15.24,23.58,18.29,8.3587109954453,99.02664456552782,18.15190659649654,54.87165332597294,7.117561280466635,76.29394099982335,75.65106247004314,39.67743767942681
Custom subscriptions,53,52,13227,249.57,4.02,2.31,58.27,100,69.0,21.26,29.52,13.127791221355105,98.98274095187962,18.753025177873475,30.96881037813965,44.44830220123603,80.3921568627451,57.70889918517336,43.498280201684686
Variant bundles,97,95,32062,330.54,4.36,2.02,42.61,159,19.99,23.56,16.42,19.82624205651302,95.7243256259345,11.222185850141425,52.580734198178305,10.415943337268246,76.3292704469175,78.63876018533313,40.914729261364045
Custom rules,478,391,71222,149.0,4.14,2.37,35.31,906,24.99,22.54,9.0,17.324341843921374,70.53401130070054,16.692406908457077,62.65525807341981,13.887924449690994,78.1310722487193,90.49368908771369,38.55632164442915
Inventory tracking,102,95,12245,120.05,3.66,1.41,20.35,200,24.99,21.48,18.95,6.895223614029509,95.54764718070481,22.285873363606093,83.30113165884626,13.887924449690994,80.00353294470942,74.59658092347021,43.433817539116816
Cart recovery,111,108,43994,396.34,4.28,2.56,12.86,190,49.0,28.52,18.74,24.750814048251,94.7145705117795,14.72985336455736,93.6378691691968,30.560377751545033,67.56756756756756,74.93209777919796,49.14941513431984
Delivery time,65,60,5436,83.63,3.65,3.2,38.98,89,20.0,28.35,17.6,4.138016825010091,98.24175547255184,29.061712229692493,57.59039470052443,10.422887299493091,67.86786786786786,76.75347499600575,41.048737454871485
Custom products - Other,93,91,16056,172.65,3.1,2.42,16.49,138,14.99,24.6,24.52,9.951106917321468,96.02414698750651,36.648228819558106,88.62820866685068,6.943962224845497,74.49213919802155,65.69739575011982,45.93614383856225
Dropdowns,73,70,27511,376.86,4.26,2.72,24.88,131,19.9,25.84,14.31,21.30129980142787,97.56287344671367,15.69874963977651,77.0494065691416,10.353447677244636,72.30171347818407,82.00990573574053,44.9511883368521
United Kingdom,59,55,53028,898.78,3.61,2.63,71.34,71,39.99,37.72,18.55,49.73194242724147,98.6518678635628,27.725038260631145,12.931272426166146,24.30386778695924,51.3160219042572,75.23566064866593,48.97465836995582
Content - Other,119,115,3313,27.84,2.34,1.66,16.93,154,19.99,28.38,36.7,1.1919378441822601,94.15454743998252,48.30072436397821,88.02097709080873,10.415943337268246,67.81487369722663,46.2374181179102,44.85614262226567
Email capture list,174,164,76701,440.81,4.17,2.22,14.37,310,29.99,26.85,12.99,31.868731653712658,90.2697216264497,15.570188323442927,91.5539608059619,17.35990556211374,70.51757639992934,84.1188688288864,48.62636907976072
Automated workflows,102,100,19227,188.5,3.95,2.24,14.59,168,35.5,28.03,28.04,11.182988798956984,95.34954892396948,19.826281346438474,91.25034501794093,21.18602874800361,68.43313902137432,60.07349416839751,44.559183727304074
Design elements - Other,242,210,13648,56.4,3.2,2.54,12.17,277,9.95,21.62,24.88,4.122328341811665,86.04439080936088,35.188589238900214,94.59011868617168,3.444205263523366,79.75622681505034,65.12222399744368,42.49674329387551
Add-ons,54,50,24445,452.69,4.52,2.89,27.15,109,19.99,24.14,16.11,24.3903565968189,99.02664456552782,11.381243757291916,73.9166436654706,10.415943337268246,75.30471648118707,79.13404697235981,44.855160853583314
Checkboxes,83,79,25837,311.29,4.04,2.84,26.35,136,19.0,25.54,15.24,17.965055040423273,96.8529396941307,20.322760249232694,75.02070107645596,9.728491077008542,72.83165518459636,80.52404537466049,44.55553254593822
Email notifications,407,359,61352,150.74,3.88,2.89,24.62,652,29.0,27.08,7.74,15.888183659617287,74.31067406606823,23.548544137520043,77.40822522771184,16.672453301854038,70.11128775834658,92.5067902220802,41.91648397269261
Translation,225,205,151835,674.82,4.36,1.36,33.3,446,23.99,25.25,6.56,54.411051718819536,86.84319577987714,8.793929779501248,65.42920231852057,13.193528227206444,73.34393216746157,94.39207541140757,49.63893788645705
Product-based,80,69,7311,91.39,3.93,3.13,35.32,121,19.99,25.0,13.09,4.790731058713682,97.35514327473919,23.480976002820228,62.6414573557825,10.415943337268246,73.78555025613849,83.95909889758747,41.07867631404509
Shipping rates,542,469,40405,74.55,3.05,4.42,37.62,566,24.99,31.0,9.66,9.089381315571096,65.18219439668931,44.957150890976095,59.467292299199556,13.887924449690994,63.1867161278926,89.43920754114076,39.961428467251125
Branding,92,84,16929,184.01,4.12,1.58,24.53,198,24.99,25.19,12.22,10.618764773055167,96.33682023598192,14.166086112300201,77.5324316864477,13.887924449690994,73.44992050874404,85.34909729988816,42.53165518945024
Personalized campaigns,60,59,14040,234.0,4.3,2.14,19.04,102,39.0,29.05,38.4,12.521736498040994,98.4580535691286,12.804371364540586,85.10902566933481,23.616415526699537,66.63133721957252,43.5213292858284,42.94391733245254
Collections,248,231,47694,192.31,3.6,1.99,35.02,480,24.99,22.22,20.87,15.73968636670836,85.00036399679684,25.560479775724154,63.05547888490201,13.887924449690994,78.69634340222575,71.52899824253075,41.94709398436296
Bulk editor,172,152,9673,56.24,3.12,7.14,28.99,294,18.49,23.89,20.15,3.503519793015201,90.81582882070637,53.63371076361784,71.37731162020425,9.37434900354142,75.74633456986398,72.67934174788306,45.730955193557634
Traffic source,73,61,11106,152.14,3.87,3.61,59.05,132,47.0,24.14,17.98,8.22683321345407,97.91945030883728,26.38766482847766,29.89235440242892,29.17158530657593,75.30471648118707,76.14634925706982,41.85565785396863
Activity tracking,165,159,18038,109.32,3.46,1.86,37.04,304,50.0,17.36,30.0,7.282278674877318,90.78584108459845,27.743783871500238,60.26773392216395,31.254773974029582,87.28139904610492,56.94200351493849,43.45265427631207
Backgrounds,175,129,54475,311.29,3.78,0.79,18.17,195,7.0,31.51,18.29,22.369153106114123,91.62107373455113,17.723415506257403,86.3096881037814,1.3957364071939447,62.285815226991694,75.65106247004314,43.19835928099921
Customer notifications,50,49,5316,106.32,3.72,5.04,28.89,92,29.9,21.85,35.01,5.1849608797687425,99.20760697305863,34.50059734148068,71.51531879657742,17.29740990209013,79.34993817346758,48.93752995686212,44.1983978543378
AI targeting,51,48,31737,622.29,3.63,5.51,14.5,89,99.0,27.42,30.99,33.47524579877998,99.21189093535978,37.940836613815236,91.37455147667679,65.28018887577252,69.51068715774598,55.36028119507909,60.97238885620481
Web push,52,52,8667,166.67,3.64,1.1,13.22,93,33.98,23.77,34.93,8.534000632649825,99.01807664092556,21.525556982460262,93.14104333425338,20.130546489827093,75.9583112524289,49.06534590190127,44.82709604745554
Scheduled sync,77,67,16042,208.34,3.9,2.42,18.23,171,25.99,19.72,39.98,11.624761074097195,97.54038964457112,21.439103344272937,86.2268837979575,14.582320672175545,83.11252428899488,40.996964371305324,43.717599779930204
Global fulfillment,71,70,49399,695.76,3.3,3.76,56.91,42,39.95,59.62,19.88,39.64114772715123,97.63354482480554,37.7760431093093,32.84570797681479,24.27609193805986,12.630277336159708,73.11072056239016,48.20523900192873
Testimonials,89,80,79637,894.8,4.2,0.98,29.48,143,14.99,30.58,12.42,53.637131472333,96.60130590850801,10.437668046007879,70.70107645597571,6.943962224845497,63.92863451686981,85.0295574372903,50.37668923601884
Block dates,67,63,15765,235.3,4.27,2.04,31.56,122,19.88,24.55,13.12,12.848056705945769,98.05222514041877,13.006795983403146,67.83052718741375,10.339559752794944,74.58046281575693,83.9111679181978,41.68238661960918
About us pages,74,71,32623,440.85,3.91,1.08,40.37,120,19.0,29.55,30.51,25.09206962468852,97.48791810632066,16.31889361725939,55.67209494893734,9.728491077008542,65.74810104221868,56.12717686531395,42.15462680270979
Multipacks,59,57,19426,329.25,4.43,2.32,26.8,103,29.0,21.37,14.49,17.822442026111187,98.57262856086867,10.995140130435889,74.3996687827767,16.672453301854038,80.19784490372726,81.72231985940246,44.40600735650097
Tax calculation,57,46,9574,167.96,4.24,2.54,28.9,107,20.0,27.21,15.48,8.734055072839773,99.07911610377829,15.416726121029495,71.50151807894011,10.422887299493091,69.88164635223458,80.14059753954305,41.29737931057836
Upsell discounts,97,96,23342,240.64,4.22,2.45,27.6,167,29.0,25.45,12.06,14.264023693149074,95.68470597458742,15.465828430097066,73.29561137179132,16.672453301854038,72.99063769652005,85.60472918996645,43.556310281005736
Forms,361,329,200881,556.46,3.88,1.52,25.19,610,19.99,27.09,4.96,56.39605829020388,77.12470530259333,18.508073203009374,76.62158432238476,10.415943337268246,70.0936230347995,96.94839431219044,50.80222107384972
Membership perks,76,75,28254,371.76,3.95,1.76,57.88,153,59.99,23.15,23.12,21.17609404128357,97.25876812284052,18.06027693142744,31.507038365995015,38.19179223665024,77.05352411234765,67.93417478830484,44.486690138304155
SEO score,144,131,52163,362.24,4.05,1.99,29.39,232,19.0,27.22,17.31,24.405935189357358,92.63724079228103,17.00534669587625,70.82528291471156,9.728491077008542,69.86398162868751,77.21680779677266,43.92584271926624
Detailed logs,64,53,7665,119.77,4.1,4.15,32.28,126,49.48,20.99,25.43,6.177740528368494,98.55442872102725,24.0017962212206,66.8368755175269,30.893687938337617,80.86910439851617,64.24348937529957,44.629050551735816
Product page,137,119,43007,313.92,3.85,1.16,14.3,197,9.0,29.12,23.16,20.729035842276694,93.36002643176741,17.75391209707428,91.65056582942313,2.7845288521630445,66.50768415474298,67.87026681578527,43.7066801256307
Packaging,51,48,3434,67.33,3.29,5.47,32.56,66,29.0,30.53,23.65,3.064780202299869,99.21189093535978,44.257547906227174,66.45045542368203,16.672453301854038,64.01695813460519,67.08739415242053,45.16121397088995
Sales pop-ups,98,91,31393,320.34,4.43,1.69,21.79,162,27.98,23.89,23.59,19.24442361773976,95.84746854227683,8.677259335733902,81.3138283190726,15.9641691549198,75.74633456986398,67.18325611119988,43.38853921923552
AI insights,119,117,7834,65.83,3.47,2.5,42.1,227,99.0,21.5,24.94,3.671002905587093,94.07530813728839,29.908342356407214,53.284570797681475,65.28018887577252,79.96820349761526,65.02636203866433,48.084694513083896
Top reviews,71,68,67477,950.38,4.02,1.05,34.5,101,15.0,31.13,14.66,54.37683723324379,97.71278412749967,14.117263588469502,63.7731162020425,6.950906187070342,62.9570747217806,81.45071097619429,50.60055568466832
Taxes,72,67,4022,55.86,3.43,3.68,24.81,102,19.99,18.6,23.4,2.616637398422874,97.71706808980082,35.01022615040694,77.14601159260282,10.415943337268246,85.09097332626745,67.48681898066785,44.105500472844554
Custom programs,80,79,21761,272.01,4.02,1.87,47.75,155,59.0,22.0,17.94,15.493853011585456,96.95894676126849,17.134187797446693,45.48716533259729,37.504339976390526,79.08496732026144,76.21025722958939,44.63121892185025
Product display - Other,201,180,6925,34.45,3.14,3.47,25.46,288,9.99,24.23,18.53,2.057779110523425,88.68174360065632,39.75090720363049,76.2489649461772,3.4719811124227484,75.14573396926338,75.2676146349257,41.86733603017881
Flat fee,67,57,5485,81.87,3.93,3.23,38.18,106,26.99,23.4,17.45,4.062912324094756,98.28994304850119,23.848893589280863,58.69445211150979,15.276716894660094,76.61190602367073,76.99312989295414,41.28469994976133
Arts and crafts,117,108,69209,591.53,3.5,2.74,60.37,121,39.9,39.41,14.22,37.793560233354015,94.50255637750388,30.22100235858955,28.07065967430306,24.24137212693563,48.330683624801274,82.15369867390957,47.36059270696339
Chat buttons,155,143,19093,123.18,3.47,2.64,22.08,272,49.99,24.66,30.04,8.095311744259181,91.77311239661091,30.423426977452102,80.9136075075904,31.24783001180474,74.38615085673909,56.87809554241892,45.80488338336506
Fraud,82,79,2353,28.7,3.03,10.11,33.45,97,29.0,34.9,14.87,1.08468503085692,96.88827538317662,66.27188969746823,65.2221915539608,16.672453301854038,56.29747394453277,81.11519412046653,48.79692482776735
Attribute mapping,57,51,15089,264.72,4.22,2.49,15.13,120,24.45,18.92,42.5,14.125500219628325,98.88101784704295,15.612995464681319,90.50510626552581,13.512950489549338,84.52570217276099,36.970762102572294,43.58245413100359
Speed analysis,56,52,38717,691.38,4.19,1.82,33.3,101,29.0,25.55,23.33,37.792754312191164,98.87673388474181,13.718289840718256,65.42920231852057,16.672453301854038,72.81399046104929,67.5986579325771,48.03161396995128
Custom file upload,65,63,9276,142.71,3.03,4.19,42.62,141,22.96,17.82,28.05,7.502625246014251,98.12289651851064,44.49116857899876,52.56693348054099,12.478300118047358,86.46882176293941,60.05751717526762,44.853224643677
Third-party logistics (3PL),260,240,3879,14.92,2.03,12.53,27.84,87,35.0,63.41,21.11,0.6723277004304348,84.21975886612196,94.186902133922,72.96439414849573,20.838830636761337,5.9353471118177055,71.14555040741332,50.125723011441735
Feed automation,60,49,21855,364.25,4.32,2.98,23.01,109,48.0,23.45,45.0,19.839394588740138,98.85425008259926,15.514650953927763,79.6301407673199,29.86598152906048,76.52358240593534,32.97651382009906,45.75154497188322
Custom dashboard,185,177,24942,134.82,3.59,1.7,35.5,350,67.0,20.09,15.83,9.54135159039632,89.3659735794325,24.683632843429386,62.39304443831079,43.05950975626693,82.45892951775305,79.58140277999681,45.99550670433007
Cart upsell,205,188,43084,210.17,4.15,1.62,42.32,393,29.99,23.2,12.22,15.86934488796053,88.22344363369604,13.742910941561252,52.9809550096605,17.35990556211374,76.96520049461226,85.34909729988816,40.378403362049724
Banners,363,319,90734,249.96,3.47,1.57,20.28,497,19.99,25.51,10.98,25.065526239956217,77.45023043797215,26.48670880232333,83.39773668230748,10.415943337268246,72.88464935523758,87.33024444799489,44.96667926703076
Data export,197,191,23433,118.95,3.96,2.04,33.82,428,40.0,18.13,8.13,8.56412147595873,88.3872701920223,18.900332105076146,64.71156500138007,24.310811749184086,85.92121533298004,91.88368749001438,42.60657423207471
Real-time,127,101,16104,126.8,3.71,2.88,18.45,247,39.99,17.7,12.3,7.80562343737094,94.426537046474,26.743691542372073,85.92326800993652,24.30386778695924,86.68079844550432,85.22128135484903,47.018462536167156
Site optimization - Other,71,67,9613,135.39,3.61,3.74,31.52,113,24.99,24.03,26.54,7.210743675098431,97.75240377884674,31.80892347034417,67.885730057963,13.887924449690994,75.49902844020491,62.470043137881454,43.48516662076706
Tracking,341,315,187140,548.8,4.05,1.57,24.15,585,30.0,25.7,5.32,53.923225358732715,78.38609420237103,15.460092832741593,78.05685895666575,17.366849524338587,72.54901960784314,96.3732225595143,51.106869179390934
Discount stacking,116,110,30797,265.49,3.99,2.16,35.42,218,24.0,20.44,14.6,16.577311761921294,94.45865276385567,18.771491003505705,62.50345017940933,13.20047218943129,81.84066419360536,81.54657293497364,43.19013439673717
Health and beauty,141,133,74496,528.34,3.58,2.84,62.06,140,39.98,41.15,13.21,35.63956542342108,92.6640085567247,29.06800739752166,25.738338393596464,24.296923824734392,45.25702172760997,83.76737498002876,45.92588679515629
Auto-sync data,50,48,3144,62.88,3.99,2.16,45.77,96,29.0,21.31,23.98,2.8112348644431417,99.2472266244057,18.771491003505705,48.21970742478609,16.672453301854038,80.30383324500971,66.56015337913405,38.97259031065697
Recommendation performance,163,151,41670,255.64,4.26,1.65,36.71,324,39.0,22.62,12.63,17.78691518246341,91.17346967346688,11.76203146464774,60.723157604195414,23.616415526699537,77.9897544603427,84.69404058156255,42.78279686475852
Frequently bought together,229,206,77112,336.73,4.15,1.33,40.93,417,29.99,23.49,12.91,27.04490993248661,86.66223337234632,12.675949940825419,54.899254761247576,17.35990556211374,76.45292351174704,84.24668477392555,42.75775587048145
Pop-ups,749,621,263847,352.27,3.9,1.61,28.39,1208,19.99,25.81,3.78,56.4916463902075,51.84551975942611,18.45897089394181,72.20535467844327,10.415943337268246,72.3547076488253,98.83367950151782,45.526156054177186
SMS capture list,101,96,66178,655.23,4.15,1.98,12.69,177,50.0,28.13,15.05,40.31844106809247,95.54336321840367,15.067414252819532,93.87248136903119,31.254773974029582,68.25649178590355,80.82760824412846,53.73143499577691
Rich snippets,129,121,126790,982.87,4.55,1.43,29.12,229,20.0,25.39,7.8,65.02384629458689,93.56347264144075,5.439304789643476,71.19790229091913,10.422887299493091,73.09662603780251,92.41092826330085,53.015118098934614
Agent avatar,118,109,17314,146.73,3.51,2.65,22.88,233,59.0,22.8,33.12,8.927507191715332,94.42760103711086,29.699762462333915,79.80955009660502,37.504339976390526,77.67178943649532,51.95718165841189,47.14540405868223
Bulk upload,80,68,16812,210.15,4.35,5.09,32.93,159,29.0,23.33,11.86,11.828163309009696,97.39476292608626,22.70736982292393,65.9398288711013,16.672453301854038,76.73555908850027,85.92426905256431,44.20530966649593
Chat window,128,121,14605,114.1,3.39,3.11,26.74,254,49.99,24.41,39.27,6.978777031734641,93.59880833048669,33.67355218134559,74.48247308860061,31.24783001180474,74.82776894541601,42.13133088352772,45.182543162378074
Consent collection,54,53,43395,803.61,3.85,2.72,8.28,87,49.9,30.77,22.95,43.78186788665879,98.90778561148662,23.493426445860152,99.95859784708804,31.185334351781123,63.59300476947536,68.20578367151302,56.68930874265945
Tagging,329,296,117590,357.42,3.98,2.2,16.61,685,29.0,20.5,8.47,34.24131294577997,79.56289584651655,19.108772106531028,88.46260005520287,16.672453301854038,81.73467585232291,91.34046972359802,48.29554710664895
Subscription boxes,66,65,19797,299.95,4.28,1.97,50.24,129,49.0,21.82,19.72,16.503728596475987,98.00832152677057,12.559139604439626,42.05078664090532,30.560377751545033,79.40293234410882,73.36635245246845,42.66702394201219
Draft orders,55,52,10998,199.96,4.51,4.06,33.16,123,29.0,22.15,13.48,10.455590009216206,98.91206957378775,15.875993587322382,65.62241236544301,16.672453301854038,78.81999646705529,83.33599616552165,42.74241899797733
Homepage,102,89,31661,310.4,4.24,1.07,19.11,150,29.0,22.11,31.46,18.81891000743512,95.78536508878722,10.008337600058193,85.01242064587359,16.672453301854038,78.8906553612436,54.60936251797412,43.54057899345421
Variant sync,63,56,14227,225.83,4.14,2.4,17.92,127,20.0,20.63,45.08,12.16687581032848,98.47090545603199,16.802782184395266,86.65470604471432,10.422887299493091,81.50503444621091,32.84869787505991,42.04304679612651
A/B testing,335,308,169562,506.16,4.06,2.27,15.09,622,49.0,25.94,5.87,49.217849516133114,78.87544589607612,17.84540186952496,90.56030913607508,30.560377751545033,72.1250662427133,95.49448793737018,53.66969721749693
Mobile app builder,70,69,5839,83.41,4.04,1.82,27.21,143,149.0,14.37,31.15,4.189662229111962,97.70850016519856,16.570000867334237,73.8338393596467,100.0,92.5631513866808,55.104649305000805,53.66988973433331
Gift cards,110,106,13430,122.09,4.02,2.33,33.14,220,49.99,21.43,18.94,7.173246212554962,94.82914550351957,18.826608695165604,65.65001380071763,31.24783001180474,80.0918565624448,74.6125579166001,43.5118589986705
Product reviews,281,258,127707,454.47,3.44,1.82,26.26,419,19.9,27.81,7.75,40.354093996007556,82.76455567191009,27.976844973798112,75.14490753519183,10.353447677244636,68.82176293941001,92.49081322895032,49.36994034166743
Size,84,69,29298,348.79,4.02,1.06,16.35,97,6.99,32.19,34.0,20.258100162738423,97.21380051855544,14.154055347115566,88.82141871377311,1.3887924449690994,61.0846140257905,50.55120626298131,42.01034796638008
Abandoned carts,74,70,11903,160.85,3.48,2.01,39.35,164,50.0,16.58,22.99,8.758373898131032,97.52753775766774,27.915432114309052,57.07976814794369,31.254773974029582,88.65924748277689,68.14187569899346,45.514436518915446
Landing pages,195,180,90439,463.79,3.87,1.74,22.51,290,19.99,30.33,11.02,35.06044661770805,88.89375773493194,19.507605961663828,80.32017664918575,10.415943337268246,64.37025260554672,87.26633647547531,47.621623013306085
Meta tags,109,101,54994,504.53,4.32,1.63,24.1,193,25.0,28.83,17.99,31.522460808910697,95.06257944930084,10.547763536709219,78.12586254485232,13.894868411915839,67.01996113760819,76.13037226393993,46.057016985779704
Photo reviews,127,120,96091,756.62,4.18,1.39,29.9,210,19.0,28.67,10.29,49.67933487186446,93.67376367087971,12.32635828737861,70.12144631520839,9.728491077008542,67.30259671436141,88.4326569739575,49.87803908710585
Custom commission,63,63,17299,274.59,3.73,2.17,30.88,108,69.0,20.98,22.83,14.928806522865706,98.1935678966025,23.751248541619454,68.76897598675131,44.44830220123603,80.88676912206324,68.39750758907175,49.129521682778105
Platform,54,48,29388,544.22,3.93,5.97,19.73,92,29.97,24.39,33.46,29.44826447108626,99.10588386822195,33.9298354583022,84.15677615235992,17.346017637664048,74.86309839251015,51.41396389199553,51.30064335818729
Auto-update,67,61,16600,247.76,4.04,3.45,29.36,124,25.0,23.95,17.23,13.56152070954328,98.1314644431129,22.56705752664255,70.86668506762351,13.894868411915839,75.64034622858152,77.3446237418118,44.350231838406295
Quantity-based,71,60,5834,82.17,3.99,3.19,37.37,111,19.99,23.13,16.4,4.13066968729701,98.02974133827622,22.561042144050226,59.81231024013249,10.415943337268246,77.0888535594418,78.67071417159292,40.48242502944477
Free shipping,395,347,121793,308.34,4.1,1.45,34.3,704,29.0,24.63,8.04,32.58314348086047,75.21013815078427,14.068021386783517,64.04913055478886,16.672453301854038,74.43914502738032,92.02748042818342,43.23053010126385
Stock updates,52,49,10917,209.94,4.58,1.2,8.25,115,55.0,19.58,25.24,10.911739616818567,99.13693559496676,4.022752135460821,100.0,34.72675508645233,83.35983041865396,64.54705224476754,45.96422984642908
Product commission,60,60,15243,254.05,4.0,2.41,29.46,101,59.0,21.8,25.91,13.648178300102554,98.41843391778153,19.501170901216227,70.72867789125034,37.504339976390526,79.43826179120296,63.47659370506471,46.84022709922219
Custom HTML,172,147,67739,393.83,4.2,1.67,31.79,322,19.99,25.52,14.69,28.28458568772467,91.0139270774417,12.976299392586245,67.51311068175545,10.415943337268246,72.86698463169051,81.40277999680461,43.8963825161273
Product comparison,81,79,4917,60.7,3.42,2.6,34.17,132,13.75,26.78,30.38,2.9815349960373023,96.92361107222257,31.22683028507318,64.22853988407397,6.082910908964656,70.64122946475888,56.334877776002564,40.05956800725864
Inventory alerts,76,62,8678,114.18,3.68,4.04,32.22,144,67.0,16.48,15.2,6.071049029405789,97.77382359035241,31.58187775063861,66.9196798233508,43.05950975626693,88.83589471824766,80.58795334718006,49.01098937459615
Marketplaces,184,169,55680,302.61,3.2,6.67,16.97,225,39.0,30.37,17.66,22.146898853511992,89.71826647925499,50.38358555972435,87.96577422025945,23.616415526699537,64.29959371135843,76.6576130372264,52.943995209634
Skip to checkout,50,49,9651,193.02,3.99,1.66,50.78,93,14.99,22.5,17.84,9.922577029140973,99.20760697305863,16.93190307120254,41.30554788849019,6.943962224845497,78.20173114290762,76.37002716088833,38.60928330390312
Multi-store reports,68,66,6480,95.29,3.8,1.11,26.91,154,84.0,18.75,25.86,4.846058293834551,97.89803049733163,18.5205236460493,74.24786088876621,54.86424553850428,84.8260024730613,63.55647867071418,47.568772378975865
Invoices and receipts,184,165,10557,57.38,3.12,3.27,30.35,260,19.0,23.85,14.04,3.6929939962213902,89.87674508464326,39.39530016759136,69.50041402152911,9.728491077008542,75.81699346405229,82.44128455024764,43.09988651392146
ROI analysis,59,57,23616,400.27,3.82,6.84,11.81,97,99.0,30.22,41.64,21.80151231571306,98.57262856086867,39.22197321336142,95.0869445211151,65.28018887577252,64.56456456456456,38.34478351174309,57.455488621067055
Product selection,99,84,41040,414.55,4.18,5.09,18.45,180,29.99,22.22,23.96,25.151574801839725,96.08947041266038,25.939308986422027,85.92326800993652,17.35990556211374,78.69634340222575,66.59210736539383,49.1543847539681
Home decor,64,64,47865,747.89,3.57,3.71,55.57,51,35.0,50.0,20.52,41.85298097279351,98.1186125562095,32.459004468170235,34.695004140215275,20.838830636761337,29.62374138844727,72.08819300207702,48.25969037713627
Bags and luggage,142,136,81522,574.1,3.42,3.09,58.4,120,36.48,46.02,12.07,38.86869888500297,92.50981391363756,33.02962645873028,30.789401048854543,21.866537046038466,36.654301360183716,85.58875219683655,47.29613613536655
Image gallery,174,142,14295,82.16,3.67,2.69,24.6,264,9.99,21.24,12.49,5.431375982978561,91.14135395608518,26.80510440186113,77.43582666298647,3.4719811124227484,80.42748630983925,84.91771848538104,41.478775740256985
Clothing and accessories,209,197,86109,412.0,3.3,3.39,58.63,150,39.98,50.8,11.43,31.962782009455843,87.72552401538867,36.414748039404955,30.471984543196243,24.296923824734392,28.210563504681147,86.6112797571497,45.25157910444402
Custom triggers,55,53,2778,50.51,3.66,2.52,33.73,120,29.0,20.53,11.81,2.1741219864670756,98.87244992244068,26.369758573319118,64.83577146011592,16.672453301854038,81.68168168168168,86.00415401821377,42.9607091220532
Badges and icons,187,164,32991,176.42,3.36,1.2,17.91,184,6.5,26.07,30.2,12.73247638094983,89.81035766885252,27.216668485270706,86.66850676235164,1.04853829595167,71.89542483660131,56.622463652340635,41.83855017113712
ALT text,117,107,44157,377.41,3.91,1.87,28.36,222,19.99,27.27,20.45,23.887031783270174,94.54217602885095,19.22544255029839,72.24675683135523,10.415943337268246,69.77565801095213,72.20003195398627,44.61113334362009
Custom CSS,537,399,160628,299.12,4.12,1.8,30.19,962,19.0,24.49,6.2,38.122467584132316,68.13224843621376,14.975504802513592,69.72122550372619,9.728491077008542,74.6864511570394,94.96724716408372,43.0662486717586
Storefronts - Other,172,159,7908,45.98,3.01,3.05,24.34,212,15.0,25.09,23.0,2.7503355986553366,90.5384912612769,40.67713623022968,77.79464532155671,6.950906187070342,73.62656774421481,68.12589870586356,42.840433180685295
Email domains,72,65,46330,643.47,3.56,2.83,10.31,124,29.9,30.98,21.5,36.71392888175733,97.79630739249495,29.411443775757732,97.15705216671267,17.29740990209013,63.22204557498675,70.52244767534751,53.617573818591374
Product views,68,67,45484,668.88,4.4,1.31,32.58,130,25.49,25.84,21.03,37.776941264004385,97.85841084598457,7.849514712506677,66.4228539884074,14.23512256093327,72.30171347818407,71.27336635245247,46.542128202211906
Upsell bundles,103,99,45543,442.17,4.26,1.52,33.04,171,25.0,22.27,19.77,27.140953263055373,95.3538328862706,11.283738602248917,65.78802097709081,13.894868411915839,78.60801978449038,73.28646748681899,44.37050933652967
Limited time offers,103,99,34688,336.78,4.29,2.14,23.69,223,23.99,21.75,16.66,20.523078025633524,95.3538328862706,12.99448543298164,78.69169196798234,13.193528227206444,79.52658540893835,78.25531235021569,44.53772648909573
Wholesale pricing,91,88,17732,194.86,4.05,2.44,28.53,161,19.99,22.97,13.18,11.25171086097057,96.21367731963959,18.6609758349491,72.01214463152084,10.415943337268246,77.37148913619502,83.81530595941844,42.61080406468338
Percentage discounts,353,309,77990,220.93,3.87,2.0,31.54,602,24.0,22.38,11.54,21.742598776403796,78.19978384190219,20.464191686461472,67.85812862268838,13.20047218943129,78.41370782547253,86.43553283272088,42.17679052336689
404 pages,84,82,56192,668.95,4.15,1.33,37.48,143,19.0,28.22,17.71,39.42695907090401,96.69874505104355,12.675949940825419,59.660502346122,9.728491077008542,68.09750927397985,76.57772807157693,46.39076452954112
Report scheduling,73,71,6550,89.73,3.8,0.87,24.09,145,50.0,18.33,25.59,4.595756069203138,97.5232537953666,17.63752143854378,78.13966326248965,31.254773974029582,85.5679208620385,63.987857485221284,44.161065403799256
Contact pages,60,58,30880,514.67,3.87,1.0,42.15,106,19.95,28.0,32.23,28.29020552079981,98.49767322047566,16.785015821855144,53.21556720949489,10.388167488368863,68.48613319201554,53.37913404697237,43.10213439482033
Search and filters,86,86,12632,146.88,2.86,3.04,26.34,179,39.0,17.35,15.47,8.214528472100326,96.4695950675634,43.49205549819958,75.03450179409329,23.616415526699537,87.29906376965201,80.15657453267295,49.46465665470819
Banner position,98,87,34446,351.49,3.28,0.82,16.78,124,9.99,29.61,28.43,21.176563153321453,96.0059471476651,27.33949420424882,88.22798785536848,3.4719811124227484,65.64211270093622,59.450391436331685,45.561450217976805
Custom fonts,193,178,124121,643.11,4.24,1.55,18.62,319,29.0,27.15,8.03,48.660122975521034,89.04366841571795,11.77434201506923,85.68865581010212,16.672453301854038,69.98763469351705,92.0434574213133,51.49992101206753
Sales and refunds,63,53,11408,181.08,4.37,2.95,16.64,150,39.0,16.2,24.15,9.632140393604592,98.58976441007319,14.453705335784257,88.42119790229091,23.616415526699537,89.3305069775658,66.28854449592586,45.18226374048125
Checkout - Other,114,99,2685,23.55,2.71,2.2,23.24,138,10.0,23.24,35.12,0.8939258628137131,94.9651403067653,43.253258798546234,79.3127242616616,3.4789250746475937,76.89454160042396,48.7617830324333,42.6030887057719
Custom workflows,72,68,3132,43.5,3.78,2.71,31.23,141,25.0,23.66,10.47,1.899410666534524,97.67744843845375,24.787433166301554,68.2859508694452,13.894868411915839,76.15262321144674,88.14507109761942,42.095539051769904
Templates,594,513,233255,392.69,3.91,1.78,23.72,1051,29.0,25.64,4.27,53.68495428537599,61.601473907029614,18.89431672248382,78.65028981507038,16.672453301854038,72.65500794912559,98.05080683815306,48.421584413395756
ROAS,117,113,13720,117.26,3.77,1.68,43.94,236,79.0,17.01,19.94,6.991053519121191,94.30445812076854,21.1879960941981,50.74523875241512,51.392264426081525,87.89966437025261,73.0148586036108,45.67534391062053
Product feed,68,57,31171,458.4,4.31,5.67,22.26,126,49.0,23.35,31.55,25.69282562868773,98.25460735945524,25.601748098159863,80.66519459011869,30.560377751545033,76.70022964140611,54.465569579805084,50.40334358149914
Tiered pricing,220,206,66789,303.59,4.27,2.14,33.33,401,29.0,22.01,13.48,23.901313112321816,86.98025457375975,13.37471356986378,65.38780016560861,16.672453301854038,79.06730259671436,83.33599616552165,43.20613485675593
Label creation,209,191,11791,56.42,3.27,5.74,19.2,221,29.0,37.11,7.9,3.8376884775814846,87.96324192347107,45.63115352655302,84.88821418713773,16.672453301854038,52.393570040628866,92.25115833200192,45.90022704202361
Welcome emails,111,98,65658,591.51,3.37,2.34,10.96,185,37.0,29.48,15.17,37.246530206556315,95.11076702525017,31.220814902480853,96.26000552028705,22.227623081730435,65.87175410704822,80.63588432656974,54.86347487315445
Image resizing,54,50,31605,585.28,4.01,2.12,28.48,101,19.99,28.47,28.58,31.71715903691957,99.02664456552782,18.244095832039335,72.08114821970742,10.415943337268246,67.65589118530295,59.2107365393833,46.49727554753863
Rename options,53,29,2848,53.74,4.11,2.98,34.87,113,25.0,10.16,19.0,2.3365500738015546,99.89399293286219,19.507046391190116,63.26248964946177,13.894868411915839,100.0,74.51669595782074,41.600659407885445
Website,62,51,31627,510.11,4.05,5.24,13.47,102,19.99,23.31,31.09,28.190970346893756,98.70433940181326,28.96266825584682,92.79602539332045,10.415943337268246,76.77088853559442,55.20051126378016,50.02170814814647
Lifetime value (LTV),114,112,8264,72.49,3.83,1.4,33.33,246,99.0,17.49,20.28,4.049847668868747,94.4500848392534,19.01714244146194,65.38780016560861,65.28018887577252,87.05175763999294,72.47164083719444,48.01288564514636
Checkout upsell,148,142,30424,205.57,3.89,2.03,44.58,276,29.99,23.76,17.3,13.706434523082857,92.06008187127954,20.19433882551753,49.86199282362682,17.35990556211374,75.97597597597597,77.23278478990254,41.1281159251038
Back in stock,78,77,25496,326.87,4.28,1.32,23.04,170,29.49,21.72,11.87,18.64416588235908,97.1088574420545,10.167675292445512,79.58873861440794,17.012707450871467,79.57957957957959,85.90829205943442,44.90152157851198
Shoppable videos,72,69,25495,354.1,4.11,6.03,16.19,136,79.5,24.73,38.57,19.922583928284915,97.63782878710668,30.728532778239416,89.04223019597019,51.7394625373238,74.26249779190955,43.24972040262023,53.19467160506253
Order tracking,351,333,106018,302.05,3.2,3.35,36.39,447,29.0,31.67,9.26,29.86183933462638,77.31958358766443,38.16872168923134,61.16478056858956,16.672453301854038,62.00317965023847,90.07828726633647,46.78454028700156
Purchase orders,81,74,4399,54.31,3.8,2.96,23.35,141,55.0,19.43,38.1,2.6018348657060377,97.1217093289579,25.326998995571003,79.16091636765111,34.72675508645233,83.6248012718601,44.00063907972519,44.646577298644516
Custom pages,136,123,45051,331.26,3.81,1.51,22.34,198,14.99,30.21,22.11,21.85756415013557,93.23688351542506,19.80207992345076,80.55478884902016,6.943962224845497,64.58222928811165,69.54785109442403,43.87576096306468
Bulk printing,130,119,9153,70.41,3.41,6.3,21.04,153,29.99,34.62,10.17,4.0888972135067405,93.60737625508895,45.029895052557656,82.34888214187137,17.35990556211374,56.792086203850914,88.62438089151621,46.85937596817856
Customer segments,73,66,28186,386.11,3.85,0.78,21.73,136,25.0,24.73,34.74,21.839434148106847,97.72135205210193,16.355825268523876,81.39663262489648,13.894868411915839,74.26249779190955,49.36890877136923,44.68075785359284
Out of stock notifications,55,54,3892,70.76,3.76,1.16,24.92,114,42.5,18.44,53.42,3.2962678193196644,98.83283027109361,19.464938713043868,76.99420369859232,26.04680230539546,85.37360890302067,19.523885604729188,41.33493619271346
Cost per acquisition,61,57,33206,544.36,3.69,5.36,9.34,106,59.5,25.35,29.62,30.04198966655926,98.50195718277679,36.2482758234779,98.49572177753244,37.851538087632804,73.1672849319908,57.54912925387442,56.52366761808218
Thank you page upsell,91,88,32668,358.99,4.51,1.54,60.51,190,29.99,23.6,30.47,21.255292191686657,96.21367731963959,6.604470408514436,27.877449627380628,17.35990556211374,76.25861155272919,56.19108483783353,37.89166821013573
Collection pages,71,61,10716,150.93,3.92,1.71,30.43,84,7.25,30.08,14.36,8.110042039016554,97.99012168692916,18.44666034352032,69.39000828043058,1.5693354628150822,64.81187069422364,81.93002077009108,39.82636263652509
Reward programs,142,141,45793,322.49,3.54,1.53,40.33,246,59.0,22.56,21.6,21.55988148258991,92.31171565690221,25.00874328865163,55.72729781948661,37.504339976390526,78.09574280162516,70.36267774404857,47.475363965449176
Cart page,132,120,38152,289.03,3.96,1.23,16.65,186,19.99,27.55,26.11,18.81371088609852,93.49708522565001,15.920199654745021,88.4073971846536,10.415943337268246,69.28104575163398,63.15705384246685,43.611920896364275
Email requests,122,120,93746,768.41,4.15,1.3,29.84,210,24.95,27.78,10.55,49.87230268158004,93.85044211610938,12.565574664887228,70.20425062103229,13.860148600791614,68.87475711005123,88.01725515258029,50.69532699194788
Swatches,75,72,27919,372.25,4.3,2.83,27.19,124,19.0,25.15,14.1,21.147583747757892,97.41296276592766,15.343002711118952,73.86144079492132,9.728491077008542,73.52057940293234,82.34542259146829,44.476806873112245
Time-based,65,62,3294,50.68,3.78,4.1,43.41,118,29.0,20.78,14.54,2.261457374737573,98.16251616985771,29.901487618104348,51.47667678719293,16.672453301854038,81.24006359300478,81.642434893753,41.97082569961209
Automatic discounts,52,50,7187,138.21,4.24,1.78,54.72,100,19.99,24.06,12.55,6.970072763434152,99.09731594361969,12.620552463928686,35.86806513938724,10.415943337268246,75.44603426956368,84.82185652660169,37.248684426705445
Automated alerts,81,63,12253,151.27,3.61,3.38,19.57,156,59.0,19.29,15.91,8.362374297615439,97.55752549377566,30.484420159085893,84.37758763455699,37.504339976390526,83.87210740151917,79.45358683495766,49.92867717671429
Recurring payments,58,56,13524,233.17,4.07,2.53,57.12,109,50.0,21.58,28.87,12.403411120476129,98.64758390126167,18.611873525881528,32.555892906431126,31.254773974029582,79.82688570923865,58.74740373861639,41.42526412468798
Currency and translation,98,91,44806,457.2,3.62,2.37,24.71,130,11.95,23.7,21.58,27.733340209170112,95.84746854227683,26.578338467392427,77.28401876897598,4.832997708492465,76.08196431725844,70.39463173030836,47.19567778977619
Branded tracking pages,71,69,24558,345.89,4.0,3.01,20.41,94,49.99,34.72,19.33,19.392990592406868,97.6731644761526,21.708676419980023,83.21832735302236,31.24783001180474,56.61543896838015,73.98945518453428,48.263867772046915
Manual position,66,56,20919,316.95,3.94,1.27,15.11,77,7.0,31.25,47.62,17.47450249022232,98.36489838889418,16.447594826211397,90.53270770080044,1.3957364071939447,62.745098039215684,28.790541620067117,41.17053747969998
Home pages,81,79,31565,389.69,3.66,1.37,42.06,117,19.0,30.46,31.53,22.527171259543604,96.92361107222257,22.13870632902184,53.33977366823074,9.728491077008542,64.14061119943473,54.49752356606487,42.16941406178412
Live chat,148,143,18494,124.96,3.39,2.7,23.21,267,49.99,23.81,31.01,8.086773523616937,92.02046221993247,32.165090076857,79.35412641457356,31.24783001180474,75.88765235824059,55.3283272088193,46.042189961843185
UTM attribution,73,65,13746,188.3,4.15,3.83,52.02,144,49.99,23.81,14.53,10.330701688834363,97.760971703449,21.873889602341237,39.594258901462865,31.24783001180474,75.88765235824059,81.65841188688289,43.03355128753981
Low stock alerts,115,101,15742,136.89,3.86,3.39,23.1,229,51.0,16.55,16.53,8.223724426439984,94.85056531502522,25.76836020670534,79.50593430858405,31.94917019651413,88.71224165341812,78.46301326090429,47.28144791700775
Colors,143,117,32796,229.34,3.85,1.02,17.48,184,9.99,28.63,30.38,15.18732197097503,93.22725160018592,17.238827476029396,87.26193762075627,3.4719811124227484,67.37325560854973,56.334877776002564,41.322443906153474
Cart customization,295,252,26950,91.36,3.57,2.24,32.69,390,9.99,23.06,6.39,7.809508256767197,82.50757393334939,27.050615947198935,66.27104609439691,3.4719811124227484,77.21250662427133,94.66368429461575,39.60572636254892
Star ratings,155,143,96861,624.91,3.88,1.35,30.02,246,15.95,28.61,10.21,43.61336836346798,91.77311239661091,17.882613306026297,69.95583770356058,7.610582598430664,67.40858505564388,88.56047291899664,48.77011129024713
Loyalty analysis,64,63,4649,72.64,4.12,0.92,35.66,139,75.0,17.44,23.77,3.5009576648097207,98.15823220755658,11.737830041660024,62.172232956113724,48.61467953614333,87.14008125772831,66.8956702348618,44.06566466670813
Pricing optimization,93,91,7424,79.83,3.44,3.52,15.11,168,24.99,18.4,40.93,4.265314418537324,96.02414698750651,34.23144394362887,90.53270770080044,13.887924449690994,85.44426779720898,39.479150023965495,44.50007711945383
Cart discounts,237,220,58021,244.81,3.81,1.7,23.5,413,24.99,23.19,15.52,19.792938013293202,85.82487274111989,20.50112333772596,78.95390560309136,13.887924449690994,76.98286521815933,80.0766895670235,44.044990686114396
Price sync,50,45,7065,141.3,3.45,5.68,25.76,77,29.99,28.83,28.22,7.096400474982591,99.3660855784469,41.98834974273747,75.83494341705769,17.35990556211374,67.01996113760819,59.78590829205944,46.57276083048873
Engagement metrics,54,53,27787,514.57,3.95,5.85,18.22,83,49.95,29.66,35.39,27.80985271341096,98.90778561148662,33.10810621766732,86.24068451559481,31.22005416290536,65.55378908320085,48.33040421792618,52.35692778523516
Radio buttons,64,62,26739,417.8,4.25,2.77,24.89,117,19.9,25.95,14.72,23.104896121038188,98.19785185890365,16.072822501447888,77.03560585150427,10.353447677244636,72.10740151916622,81.35484901741492,45.56004916589603
One-click add-ons,140,125,33125,236.61,4.3,1.77,47.81,255,29.99,24.56,15.89,15.579276700677777,93.01630145654718,11.443076294636244,45.40436102677339,17.35990556211374,74.56279809220986,79.48554082121746,39.63353360807189
Multi-channel,163,145,25413,155.91,4.01,2.44,27.2,325,49.99,20.48,10.84,10.604055400155428,91.41118758154929,19.42143210871336,73.84764007728401,31.24783001180474,81.77000529941706,87.55392235181338,45.35567268015202
Product add-ons,182,164,37243,204.63,4.29,1.96,44.96,343,29.99,24.28,14.13,14.710957951054006,89.9870361140822,12.332233777352501,49.337565553408766,17.35990556211374,75.057410351528,82.2974916120786,39.54708095388872
Video player,50,48,4472,89.44,4.02,2.17,44.68,87,49.99,26.05,28.04,4.2625737909405625,99.2472266244057,18.23794055682859,49.723985647253656,31.24783001180474,71.93075428369545,60.07349416839751,40.82246237308273
Cross-sell,68,67,5220,76.76,3.82,2.89,29.9,162,69.0,19.0,17.64,3.782221624768309,97.85841084598457,24.68922854816643,70.12144631520839,44.44830220123603,84.38438438438439,76.68956702348618,47.18817081712206
Product details,128,100,16501,128.91,3.79,3.68,20.36,245,49.0,17.76,12.01,7.965750183909859,94.43082100877513,28.166119686528624,83.28733094120895,30.560377751545033,86.57481010422187,85.68461415561592,48.036586654882754
Custom reports,224,212,15131,67.55,3.62,1.74,31.04,446,55.0,17.9,11.08,4.873934665327661,86.60119390949359,24.26045767269044,68.54816450455424,34.72675508645233,86.3275039745628,87.17047451669596,44.12954262075494
Free gift,115,107,26003,226.11,4.38,2.53,50.63,220,34.99,24.05,20.24,13.990996569036195,94.61284740694282,12.718337404208533,41.51255865304995,20.83188667453649,75.46369899311075,72.53554880971402,39.639987361116034
SMS campaigns,64,63,51403,803.17,3.52,2.38,9.53,109,49.99,28.48,18.32,44.992719078587136,98.15823220755658,28.516270910449144,98.2335081424234,31.24783001180474,67.63822646175586,75.60313149065345,58.25567360688145
Customs documents,93,83,9250,99.46,4.03,3.83,16.26,140,27.49,30.2,10.06,5.467843443710876,96.34110419828306,24.155258423634017,88.94562517250897,15.62391500590237,64.59989401165872,88.80012781594505,44.374384244827574
Email marketing,253,230,80505,318.2,2.86,2.23,17.73,371,29.0,30.37,12.37,26.69663539414386,84.8633052029142,40.51192304786846,86.91691967982335,16.672453301854038,64.29959371135843,85.10944240293976,50.41221626766785
Abandoned cart,295,273,86875,294.49,3.53,2.58,13.46,453,45.0,26.31,11.46,26.562954675728662,81.67556125506096,29.061992014929345,92.80982611095777,27.78279286160683,71.47147147147147,86.56334877776003,50.13839187572861
Video reviews,75,72,72603,968.04,4.27,1.3,34.21,133,24.99,30.37,13.62,55.99435670868012,97.41296276592766,10.284205843594462,64.1733370135247,13.887924449690994,64.29959371135843,83.11231826170315,51.40914086653365
Wholesale,103,96,20461,198.65,4.02,2.96,55.14,162,19.9,23.96,17.62,11.849348100105596,95.4726918403118,21.14448948986759,35.28843499861992,10.353447677244636,75.62268150503445,76.72152100974597,38.984844068249984
Pre-orders,85,81,17717,208.44,4.13,2.29,41.3,149,24.95,22.28,20.35,11.887046591272005,96.70302901334469,16.588186907729632,54.38862820866685,13.860148600791614,78.5903550609433,72.3598018852852,40.69539779032972
Warranties and insurance,62,62,1823,29.4,3.34,6.86,19.25,42,19.99,46.84,21.01,1.036047091438104,98.26852323699552,48.42103201582465,84.81921059895114,10.415943337268246,35.20579402932343,71.30532033871225,44.966791102310694
Returns,70,69,6820,97.43,3.95,3.37,32.27,107,29.0,28.0,21.73,4.998827924810289,97.70850016519856,23.983750073443627,66.85067623516423,16.672453301854038,68.48613319201554,70.15497683335997,41.70614814899431
Mature products,69,60,35401,513.06,3.21,2.77,80.71,74,39.99,36.44,27.79,28.9098712245426,98.1004127163681,35.84468561931861,0.0,24.30386778695924,53.57710651828299,60.472918996644836,43.36456891706327
Home and garden,153,148,74643,487.86,3.46,3.21,55.47,117,39.99,49.79,13.18,33.761452491642146,91.64568551796745,32.710671288718785,34.833011316588454,24.30386778695924,29.99470058293589,83.81530595941844,46.13101611106824
Broken links,56,54,39948,713.36,4.37,1.7,28.97,102,24.49,25.18,22.61,39.01412433883774,98.79749458204768,9.854735505026344,71.40491305547889,13.540726338448719,73.46758523229111,68.7490014379294,47.766406691950465
Consent pop-ups,58,52,30602,527.62,4.25,0.94,13.67,96,29.95,25.53,32.55,28.855514412968596,98.80606250664994,9.339930669218308,92.5200110405741,17.33212971321436,72.84931990814343,52.86787026681579,46.98075730820332
Flat discounts,259,231,68804,265.65,3.96,1.71,29.36,453,19.99,21.55,13.08,22.429735275854668,84.61167141729152,17.68620406975606,70.86668506762351,10.415943337268246,79.87987987987988,83.97507589071736,42.908816712255636
Bulk updates,53,51,6594,124.42,3.61,6.54,25.05,94,29.99,28.79,30.24,6.231375233298159,99.0223606032267,42.110615891241885,76.81479436930721,17.35990556211374,67.0906200317965,56.55855567982107,46.25236316404692
AI generation,266,252,100047,376.12,3.59,2.27,22.65,454,30.0,29.2,9.95,32.421510405341664,83.53230891568154,26.780763086254993,80.12696660226332,17.366849524338587,66.36636636636638,88.97587474037387,48.55282814593686
Product page upsell,215,198,60786,282.73,4.25,1.49,44.2,403,29.5,24.95,16.37,21.998669599248384,87.47389022976597,11.363477394751788,50.38642009384487,17.019651413096312,73.87387387387388,78.71864515098258,40.4883565973074
Images,212,195,25703,121.24,3.7,3.19,34.18,371,17.99,26.27,10.12,9.020739554382383,87.698756250945,28.074350128841097,64.21473916643666,9.027150892299145,71.54213036565977,88.70426585716568,41.19767252618263
Bulk pricing,94,92,40085,426.44,4.26,1.98,27.46,161,25.0,21.46,22.46,25.562999371529116,95.94919164711351,12.976159499967828,73.48882141871377,13.894868411915839,80.03886239180356,68.98865633487777,45.06030841229137
Lazy loading,65,64,62027,954.26,4.46,1.34,38.15,124,27.48,27.68,16.05,53.720891940898,98.08327686716356,6.819205577798487,58.73585426442175,15.616971043677525,69.051404345522,79.22990893113916,50.040916221043766
FAQ,61,59,5890,96.56,3.04,1.61,17.62,79,7.99,28.95,36.81,4.814957329299897,98.42271788008264,34.808780779873366,87.06872757383384,2.0831886674536495,66.80798445504328,46.06167119348138,42.51287290424384
Accounts and login,122,101,6232,51.08,2.93,4.08,30.47,200,10.0,16.12,13.7,2.7320598483837695,94.60321549170368,45.987599918302706,69.33480540988131,3.4789250746475937,89.47182476594242,82.984502316664,44.87931370041281
Custom requests,79,77,73181,926.34,4.5,1.08,34.97,157,24.99,26.58,13.52,54.12524063493278,97.07352175300858,5.10216357923658,63.1244824730886,13.887924449690994,70.99452393570041,83.27208819300208,50.07541474637986
Volume discounts,277,250,74369,268.48,4.14,2.05,36.86,490,29.0,23.45,12.11,23.418430747353238,83.22285563887039,15.51507063178305,60.51614683963566,16.672453301854038,76.52358240593534,85.52484422431698,42.257096951723284
Behavior tracking,106,100,36889,348.01,3.97,0.88,14.19,196,34.5,25.09,26.54,21.388858422612124,95.20820616778573,14.442374033691737,91.80237372343362,20.49163252551906,73.62656774421481,62.470043137881454,46.336143441224564
Audience segments,64,61,22987,359.17,3.96,6.97,17.43,106,99.0,23.74,35.9,19.774950328132043,98.23747151025071,37.03866911758534,87.33094120894286,65.28018887577252,76.01130542307013,47.51557756830165,56.70043230942898
Dashboards,137,131,59112,431.47,4.07,3.81,22.57,254,49.99,24.11,16.64,28.725249998358734,92.88459061560258,23.32121863257763,80.23737234336186,31.24783001180474,75.3577106518283,78.28726633647548,50.81563493474781
Real-time updates,188,174,56646,301.31,3.91,2.47,40.94,313,27.0,27.92,17.34,22.23441438465234,89.3788254663359,21.432948069062185,54.88545404361027,15.283660856884937,68.62745098039215,77.16887681738297,42.79186922602523
Business and office,94,90,59350,631.38,3.64,2.59,57.17,93,39.99,41.25,16.58,38.14853079439631,96.02843094980764,27.00752902072369,32.486889318244536,24.30386778695924,45.0803744921392,78.38312829525483,47.21176893194338
Checkout emails,84,75,51367,611.51,3.36,2.47,12.11,141,29.9,30.95,19.39,35.9878777415523,96.97608261047303,31.889221833320743,94.67292299199559,17.29740990209013,63.27503974562798,73.89359322575491,53.69036575722905
